nohup: ignoring input
Device: cuda

=== Epoch 1/100 ===
  Batch 20: Total=0.8601 | loss_classifier: 0.060 | loss_box_reg: 0.072 | loss_mask: 0.565 | loss_objectness: 0.161 | loss_rpn_box_reg: 0.002
  Batch 40: Total=1.5788 | loss_classifier: 0.142 | loss_box_reg: 0.201 | loss_mask: 1.134 | loss_objectness: 0.096 | loss_rpn_box_reg: 0.006
  Batch 60: Total=1.0113 | loss_classifier: 0.132 | loss_box_reg: 0.079 | loss_mask: 0.737 | loss_objectness: 0.061 | loss_rpn_box_reg: 0.002
  Batch 80: Total=1.0615 | loss_classifier: 0.072 | loss_box_reg: 0.038 | loss_mask: 0.887 | loss_objectness: 0.061 | loss_rpn_box_reg: 0.004
  Batch 100: Total=3.2167 | loss_classifier: 0.108 | loss_box_reg: 0.071 | loss_mask: 3.002 | loss_objectness: 0.034 | loss_rpn_box_reg: 0.003
  Batch 120: Total=0.8680 | loss_classifier: 0.027 | loss_box_reg: 0.023 | loss_mask: 0.710 | loss_objectness: 0.075 | loss_rpn_box_reg: 0.033
  Batch 140: Total=0.5657 | loss_classifier: 0.130 | loss_box_reg: 0.116 | loss_mask: 0.275 | loss_objectness: 0.042 | loss_rpn_box_reg: 0.003
  Batch 160: Total=0.7055 | loss_classifier: 0.076 | loss_box_reg: 0.082 | loss_mask: 0.509 | loss_objectness: 0.035 | loss_rpn_box_reg: 0.003
  Batch 180: Total=0.8179 | loss_classifier: 0.084 | loss_box_reg: 0.178 | loss_mask: 0.523 | loss_objectness: 0.029 | loss_rpn_box_reg: 0.005
  Batch 200: Total=0.8614 | loss_classifier: 0.100 | loss_box_reg: 0.114 | loss_mask: 0.621 | loss_objectness: 0.024 | loss_rpn_box_reg: 0.002
  Batch 220: Total=0.7028 | loss_classifier: 0.070 | loss_box_reg: 0.073 | loss_mask: 0.537 | loss_objectness: 0.018 | loss_rpn_box_reg: 0.006
  Batch 240: Total=0.3781 | loss_classifier: 0.040 | loss_box_reg: 0.079 | loss_mask: 0.239 | loss_objectness: 0.017 | loss_rpn_box_reg: 0.003
  Batch 260: Total=0.5108 | loss_classifier: 0.058 | loss_box_reg: 0.072 | loss_mask: 0.367 | loss_objectness: 0.009 | loss_rpn_box_reg: 0.005
  Batch 280: Total=0.2965 | loss_classifier: 0.079 | loss_box_reg: 0.084 | loss_mask: 0.126 | loss_objectness: 0.006 | loss_rpn_box_reg: 0.001
  Batch 300: Total=0.4109 | loss_classifier: 0.058 | loss_box_reg: 0.066 | loss_mask: 0.275 | loss_objectness: 0.009 | loss_rpn_box_reg: 0.002
  Batch 320: Total=0.3527 | loss_classifier: 0.035 | loss_box_reg: 0.079 | loss_mask: 0.227 | loss_objectness: 0.010 | loss_rpn_box_reg: 0.002
  Batch 340: Total=0.8340 | loss_classifier: 0.154 | loss_box_reg: 0.109 | loss_mask: 0.490 | loss_objectness: 0.069 | loss_rpn_box_reg: 0.012
  Batch 360: Total=0.4373 | loss_classifier: 0.071 | loss_box_reg: 0.121 | loss_mask: 0.195 | loss_objectness: 0.016 | loss_rpn_box_reg: 0.034
  Batch 380: Total=0.2812 | loss_classifier: 0.042 | loss_box_reg: 0.067 | loss_mask: 0.156 | loss_objectness: 0.015 | loss_rpn_box_reg: 0.001
  Batch 400: Total=0.4062 | loss_classifier: 0.040 | loss_box_reg: 0.083 | loss_mask: 0.272 | loss_objectness: 0.007 | loss_rpn_box_reg: 0.004
Epoch 1 | Avg Loss: 0.8479 | LR: 0.000017

=== Epoch 2/100 ===
  Batch 20: Total=0.2928 | loss_classifier: 0.045 | loss_box_reg: 0.071 | loss_mask: 0.168 | loss_objectness: 0.005 | loss_rpn_box_reg: 0.005
  Batch 40: Total=0.4480 | loss_classifier: 0.092 | loss_box_reg: 0.125 | loss_mask: 0.214 | loss_objectness: 0.005 | loss_rpn_box_reg: 0.011
  Batch 60: Total=0.3971 | loss_classifier: 0.059 | loss_box_reg: 0.089 | loss_mask: 0.244 | loss_objectness: 0.003 | loss_rpn_box_reg: 0.003
  Batch 80: Total=0.2773 | loss_classifier: 0.049 | loss_box_reg: 0.092 | loss_mask: 0.108 | loss_objectness: 0.016 | loss_rpn_box_reg: 0.012
  Batch 100: Total=0.5660 | loss_classifier: 0.050 | loss_box_reg: 0.092 | loss_mask: 0.387 | loss_objectness: 0.018 | loss_rpn_box_reg: 0.019
  Batch 120: Total=0.4885 | loss_classifier: 0.118 | loss_box_reg: 0.107 | loss_mask: 0.258 | loss_objectness: 0.003 | loss_rpn_box_reg: 0.001
  Batch 140: Total=0.3964 | loss_classifier: 0.067 | loss_box_reg: 0.062 | loss_mask: 0.248 | loss_objectness: 0.012 | loss_rpn_box_reg: 0.007
  Batch 160: Total=0.5215 | loss_classifier: 0.097 | loss_box_reg: 0.112 | loss_mask: 0.297 | loss_objectness: 0.007 | loss_rpn_box_reg: 0.009
  Batch 180: Total=0.5507 | loss_classifier: 0.083 | loss_box_reg: 0.081 | loss_mask: 0.334 | loss_objectness: 0.031 | loss_rpn_box_reg: 0.022
  Batch 200: Total=0.3951 | loss_classifier: 0.033 | loss_box_reg: 0.047 | loss_mask: 0.304 | loss_objectness: 0.010 | loss_rpn_box_reg: 0.001
  Batch 220: Total=0.3641 | loss_classifier: 0.038 | loss_box_reg: 0.045 | loss_mask: 0.246 | loss_objectness: 0.012 | loss_rpn_box_reg: 0.023
  Batch 240: Total=0.1963 | loss_classifier: 0.027 | loss_box_reg: 0.044 | loss_mask: 0.121 | loss_objectness: 0.003 | loss_rpn_box_reg: 0.001
  Batch 260: Total=0.3080 | loss_classifier: 0.030 | loss_box_reg: 0.041 | loss_mask: 0.217 | loss_objectness: 0.010 | loss_rpn_box_reg: 0.009
  Batch 280: Total=0.2546 | loss_classifier: 0.056 | loss_box_reg: 0.054 | loss_mask: 0.126 | loss_objectness: 0.008 | loss_rpn_box_reg: 0.011
  Batch 300: Total=0.2502 | loss_classifier: 0.059 | loss_box_reg: 0.050 | loss_mask: 0.137 | loss_objectness: 0.003 | loss_rpn_box_reg: 0.001
  Batch 320: Total=0.2655 | loss_classifier: 0.044 | loss_box_reg: 0.076 | loss_mask: 0.144 | loss_objectness: 0.000 | loss_rpn_box_reg: 0.001
  Batch 340: Total=0.7112 | loss_classifier: 0.070 | loss_box_reg: 0.060 | loss_mask: 0.555 | loss_objectness: 0.024 | loss_rpn_box_reg: 0.002
  Batch 360: Total=0.2296 | loss_classifier: 0.041 | loss_box_reg: 0.077 | loss_mask: 0.105 | loss_objectness: 0.005 | loss_rpn_box_reg: 0.001
  Batch 380: Total=1.1615 | loss_classifier: 0.247 | loss_box_reg: 0.194 | loss_mask: 0.492 | loss_objectness: 0.193 | loss_rpn_box_reg: 0.036
  Batch 400: Total=0.5587 | loss_classifier: 0.127 | loss_box_reg: 0.121 | loss_mask: 0.274 | loss_objectness: 0.020 | loss_rpn_box_reg: 0.016
Epoch 2 | Avg Loss: 0.4274 | LR: 0.000033

=== Epoch 3/100 ===
  Batch 20: Total=0.4158 | loss_classifier: 0.057 | loss_box_reg: 0.085 | loss_mask: 0.264 | loss_objectness: 0.008 | loss_rpn_box_reg: 0.002
  Batch 40: Total=0.2762 | loss_classifier: 0.053 | loss_box_reg: 0.079 | loss_mask: 0.126 | loss_objectness: 0.017 | loss_rpn_box_reg: 0.002
  Batch 60: Total=1.0050 | loss_classifier: 0.252 | loss_box_reg: 0.215 | loss_mask: 0.506 | loss_objectness: 0.028 | loss_rpn_box_reg: 0.004
  Batch 80: Total=0.3369 | loss_classifier: 0.057 | loss_box_reg: 0.099 | loss_mask: 0.172 | loss_objectness: 0.005 | loss_rpn_box_reg: 0.003
  Batch 100: Total=0.4062 | loss_classifier: 0.080 | loss_box_reg: 0.119 | loss_mask: 0.185 | loss_objectness: 0.018 | loss_rpn_box_reg: 0.005
  Batch 120: Total=0.4078 | loss_classifier: 0.065 | loss_box_reg: 0.097 | loss_mask: 0.225 | loss_objectness: 0.003 | loss_rpn_box_reg: 0.018
  Batch 140: Total=0.7239 | loss_classifier: 0.154 | loss_box_reg: 0.195 | loss_mask: 0.351 | loss_objectness: 0.018 | loss_rpn_box_reg: 0.007
  Batch 160: Total=0.4316 | loss_classifier: 0.027 | loss_box_reg: 0.045 | loss_mask: 0.354 | loss_objectness: 0.004 | loss_rpn_box_reg: 0.001
  Batch 180: Total=0.3058 | loss_classifier: 0.048 | loss_box_reg: 0.052 | loss_mask: 0.199 | loss_objectness: 0.002 | loss_rpn_box_reg: 0.005
  Batch 200: Total=0.2177 | loss_classifier: 0.032 | loss_box_reg: 0.052 | loss_mask: 0.111 | loss_objectness: 0.009 | loss_rpn_box_reg: 0.014
  Batch 220: Total=0.2007 | loss_classifier: 0.041 | loss_box_reg: 0.052 | loss_mask: 0.097 | loss_objectness: 0.003 | loss_rpn_box_reg: 0.008
  Batch 240: Total=0.3236 | loss_classifier: 0.074 | loss_box_reg: 0.060 | loss_mask: 0.180 | loss_objectness: 0.006 | loss_rpn_box_reg: 0.003
  Batch 260: Total=0.2119 | loss_classifier: 0.024 | loss_box_reg: 0.036 | loss_mask: 0.137 | loss_objectness: 0.010 | loss_rpn_box_reg: 0.005
  Batch 280: Total=0.4284 | loss_classifier: 0.060 | loss_box_reg: 0.133 | loss_mask: 0.226 | loss_objectness: 0.003 | loss_rpn_box_reg: 0.006
  Batch 300: Total=0.3097 | loss_classifier: 0.042 | loss_box_reg: 0.054 | loss_mask: 0.204 | loss_objectness: 0.008 | loss_rpn_box_reg: 0.002
  Batch 320: Total=0.2139 | loss_classifier: 0.031 | loss_box_reg: 0.034 | loss_mask: 0.142 | loss_objectness: 0.002 | loss_rpn_box_reg: 0.004
  Batch 340: Total=0.2979 | loss_classifier: 0.031 | loss_box_reg: 0.051 | loss_mask: 0.209 | loss_objectness: 0.004 | loss_rpn_box_reg: 0.003
  Batch 360: Total=0.3558 | loss_classifier: 0.061 | loss_box_reg: 0.071 | loss_mask: 0.211 | loss_objectness: 0.005 | loss_rpn_box_reg: 0.008
  Batch 380: Total=0.2157 | loss_classifier: 0.045 | loss_box_reg: 0.038 | loss_mask: 0.096 | loss_objectness: 0.033 | loss_rpn_box_reg: 0.005
  Batch 400: Total=0.4270 | loss_classifier: 0.074 | loss_box_reg: 0.081 | loss_mask: 0.268 | loss_objectness: 0.002 | loss_rpn_box_reg: 0.003
Epoch 3 | Avg Loss: 0.3930 | LR: 0.000050

=== Epoch 4/100 ===
  Batch 20: Total=0.2967 | loss_classifier: 0.059 | loss_box_reg: 0.046 | loss_mask: 0.169 | loss_objectness: 0.019 | loss_rpn_box_reg: 0.004
  Batch 40: Total=0.2924 | loss_classifier: 0.020 | loss_box_reg: 0.058 | loss_mask: 0.211 | loss_objectness: 0.002 | loss_rpn_box_reg: 0.003
  Batch 60: Total=0.1927 | loss_classifier: 0.005 | loss_box_reg: 0.003 | loss_mask: 0.166 | loss_objectness: 0.011 | loss_rpn_box_reg: 0.008
  Batch 80: Total=0.4136 | loss_classifier: 0.091 | loss_box_reg: 0.065 | loss_mask: 0.224 | loss_objectness: 0.025 | loss_rpn_box_reg: 0.008
  Batch 100: Total=0.3217 | loss_classifier: 0.040 | loss_box_reg: 0.101 | loss_mask: 0.173 | loss_objectness: 0.004 | loss_rpn_box_reg: 0.003
  Batch 120: Total=0.3709 | loss_classifier: 0.031 | loss_box_reg: 0.033 | loss_mask: 0.293 | loss_objectness: 0.008 | loss_rpn_box_reg: 0.007
  Batch 140: Total=0.4824 | loss_classifier: 0.070 | loss_box_reg: 0.151 | loss_mask: 0.250 | loss_objectness: 0.003 | loss_rpn_box_reg: 0.009
  Batch 160: Total=0.2257 | loss_classifier: 0.025 | loss_box_reg: 0.009 | loss_mask: 0.140 | loss_objectness: 0.012 | loss_rpn_box_reg: 0.040
  Batch 180: Total=0.3076 | loss_classifier: 0.035 | loss_box_reg: 0.068 | loss_mask: 0.202 | loss_objectness: 0.002 | loss_rpn_box_reg: 0.001
  Batch 200: Total=0.5002 | loss_classifier: 0.098 | loss_box_reg: 0.158 | loss_mask: 0.231 | loss_objectness: 0.003 | loss_rpn_box_reg: 0.012
  Batch 220: Total=0.2054 | loss_classifier: 0.048 | loss_box_reg: 0.051 | loss_mask: 0.096 | loss_objectness: 0.001 | loss_rpn_box_reg: 0.010
  Batch 240: Total=0.3780 | loss_classifier: 0.071 | loss_box_reg: 0.076 | loss_mask: 0.206 | loss_objectness: 0.009 | loss_rpn_box_reg: 0.016
  Batch 260: Total=0.5233 | loss_classifier: 0.128 | loss_box_reg: 0.129 | loss_mask: 0.260 | loss_objectness: 0.004 | loss_rpn_box_reg: 0.002
  Batch 280: Total=0.2820 | loss_classifier: 0.037 | loss_box_reg: 0.061 | loss_mask: 0.178 | loss_objectness: 0.002 | loss_rpn_box_reg: 0.003
  Batch 300: Total=0.1851 | loss_classifier: 0.018 | loss_box_reg: 0.052 | loss_mask: 0.114 | loss_objectness: 0.000 | loss_rpn_box_reg: 0.001
  Batch 320: Total=0.5749 | loss_classifier: 0.132 | loss_box_reg: 0.161 | loss_mask: 0.250 | loss_objectness: 0.024 | loss_rpn_box_reg: 0.009
  Batch 340: Total=0.2476 | loss_classifier: 0.017 | loss_box_reg: 0.037 | loss_mask: 0.176 | loss_objectness: 0.001 | loss_rpn_box_reg: 0.016
  Batch 360: Total=0.3465 | loss_classifier: 0.075 | loss_box_reg: 0.077 | loss_mask: 0.191 | loss_objectness: 0.000 | loss_rpn_box_reg: 0.003
  Batch 380: Total=0.4518 | loss_classifier: 0.049 | loss_box_reg: 0.039 | loss_mask: 0.344 | loss_objectness: 0.006 | loss_rpn_box_reg: 0.014
  Batch 400: Total=0.5493 | loss_classifier: 0.051 | loss_box_reg: 0.072 | loss_mask: 0.422 | loss_objectness: 0.003 | loss_rpn_box_reg: 0.001
Epoch 4 | Avg Loss: 0.3710 | LR: 0.000050

=== Epoch 5/100 ===
  Batch 20: Total=0.3552 | loss_classifier: 0.088 | loss_box_reg: 0.102 | loss_mask: 0.160 | loss_objectness: 0.002 | loss_rpn_box_reg: 0.003
  Batch 40: Total=0.5693 | loss_classifier: 0.103 | loss_box_reg: 0.198 | loss_mask: 0.258 | loss_objectness: 0.005 | loss_rpn_box_reg: 0.005
  Batch 60: Total=0.2462 | loss_classifier: 0.043 | loss_box_reg: 0.070 | loss_mask: 0.131 | loss_objectness: 0.001 | loss_rpn_box_reg: 0.001
  Batch 80: Total=0.2060 | loss_classifier: 0.034 | loss_box_reg: 0.055 | loss_mask: 0.111 | loss_objectness: 0.001 | loss_rpn_box_reg: 0.005
  Batch 100: Total=0.3139 | loss_classifier: 0.072 | loss_box_reg: 0.085 | loss_mask: 0.146 | loss_objectness: 0.001 | loss_rpn_box_reg: 0.010
  Batch 120: Total=0.1674 | loss_classifier: 0.025 | loss_box_reg: 0.020 | loss_mask: 0.119 | loss_objectness: 0.000 | loss_rpn_box_reg: 0.003
  Batch 140: Total=0.2825 | loss_classifier: 0.038 | loss_box_reg: 0.066 | loss_mask: 0.155 | loss_objectness: 0.008 | loss_rpn_box_reg: 0.015
  Batch 160: Total=0.2472 | loss_classifier: 0.034 | loss_box_reg: 0.091 | loss_mask: 0.119 | loss_objectness: 0.002 | loss_rpn_box_reg: 0.002
  Batch 180: Total=0.3030 | loss_classifier: 0.030 | loss_box_reg: 0.082 | loss_mask: 0.190 | loss_objectness: 0.001 | loss_rpn_box_reg: 0.001
  Batch 200: Total=0.3169 | loss_classifier: 0.053 | loss_box_reg: 0.126 | loss_mask: 0.129 | loss_objectness: 0.001 | loss_rpn_box_reg: 0.008
  Batch 220: Total=0.1376 | loss_classifier: 0.016 | loss_box_reg: 0.017 | loss_mask: 0.102 | loss_objectness: 0.002 | loss_rpn_box_reg: 0.001
  Batch 240: Total=0.2137 | loss_classifier: 0.031 | loss_box_reg: 0.070 | loss_mask: 0.110 | loss_objectness: 0.001 | loss_rpn_box_reg: 0.002
  Batch 260: Total=0.1775 | loss_classifier: 0.022 | loss_box_reg: 0.037 | loss_mask: 0.114 | loss_objectness: 0.001 | loss_rpn_box_reg: 0.003
  Batch 280: Total=0.3912 | loss_classifier: 0.064 | loss_box_reg: 0.131 | loss_mask: 0.180 | loss_objectness: 0.003 | loss_rpn_box_reg: 0.013
  Batch 300: Total=0.1495 | loss_classifier: 0.023 | loss_box_reg: 0.041 | loss_mask: 0.082 | loss_objectness: 0.000 | loss_rpn_box_reg: 0.002
  Batch 320: Total=0.2716 | loss_classifier: 0.033 | loss_box_reg: 0.080 | loss_mask: 0.153 | loss_objectness: 0.001 | loss_rpn_box_reg: 0.005
  Batch 340: Total=0.1869 | loss_classifier: 0.020 | loss_box_reg: 0.059 | loss_mask: 0.105 | loss_objectness: 0.000 | loss_rpn_box_reg: 0.004
  Batch 360: Total=0.2629 | loss_classifier: 0.019 | loss_box_reg: 0.058 | loss_mask: 0.182 | loss_objectness: 0.002 | loss_rpn_box_reg: 0.002
  Batch 380: Total=0.2640 | loss_classifier: 0.049 | loss_box_reg: 0.081 | loss_mask: 0.113 | loss_objectness: 0.014 | loss_rpn_box_reg: 0.007
  Batch 400: Total=0.3147 | loss_classifier: 0.062 | loss_box_reg: 0.077 | loss_mask: 0.165 | loss_objectness: 0.006 | loss_rpn_box_reg: 0.005
Epoch 5 | Avg Loss: 0.3410 | LR: 0.000050

=== Epoch 6/100 ===
  Batch 20: Total=0.2326 | loss_classifier: 0.028 | loss_box_reg: 0.055 | loss_mask: 0.148 | loss_objectness: 0.001 | loss_rpn_box_reg: 0.001
  Batch 40: Total=0.2096 | loss_classifier: 0.022 | loss_box_reg: 0.051 | loss_mask: 0.134 | loss_objectness: 0.000 | loss_rpn_box_reg: 0.003
  Batch 60: Total=0.3976 | loss_classifier: 0.053 | loss_box_reg: 0.085 | loss_mask: 0.252 | loss_objectness: 0.001 | loss_rpn_box_reg: 0.007
  Batch 80: Total=0.2809 | loss_classifier: 0.047 | loss_box_reg: 0.101 | loss_mask: 0.125 | loss_objectness: 0.002 | loss_rpn_box_reg: 0.006
  Batch 100: Total=0.3473 | loss_classifier: 0.030 | loss_box_reg: 0.091 | loss_mask: 0.224 | loss_objectness: 0.001 | loss_rpn_box_reg: 0.002
  Batch 120: Total=0.2016 | loss_classifier: 0.033 | loss_box_reg: 0.049 | loss_mask: 0.119 | loss_objectness: 0.000 | loss_rpn_box_reg: 0.001
  Batch 140: Total=0.2025 | loss_classifier: 0.018 | loss_box_reg: 0.073 | loss_mask: 0.108 | loss_objectness: 0.001 | loss_rpn_box_reg: 0.003
  Batch 160: Total=0.3802 | loss_classifier: 0.070 | loss_box_reg: 0.048 | loss_mask: 0.248 | loss_objectness: 0.011 | loss_rpn_box_reg: 0.003
  Batch 180: Total=0.2249 | loss_classifier: 0.030 | loss_box_reg: 0.062 | loss_mask: 0.128 | loss_objectness: 0.000 | loss_rpn_box_reg: 0.005
  Batch 200: Total=0.2580 | loss_classifier: 0.017 | loss_box_reg: 0.032 | loss_mask: 0.205 | loss_objectness: 0.003 | loss_rpn_box_reg: 0.001
  Batch 220: Total=0.2126 | loss_classifier: 0.027 | loss_box_reg: 0.065 | loss_mask: 0.114 | loss_objectness: 0.003 | loss_rpn_box_reg: 0.003
  Batch 240: Total=0.3810 | loss_classifier: 0.073 | loss_box_reg: 0.086 | loss_mask: 0.199 | loss_objectness: 0.020 | loss_rpn_box_reg: 0.003
  Batch 260: Total=0.4602 | loss_classifier: 0.029 | loss_box_reg: 0.050 | loss_mask: 0.328 | loss_objectness: 0.042 | loss_rpn_box_reg: 0.010
  Batch 280: Total=0.2322 | loss_classifier: 0.072 | loss_box_reg: 0.062 | loss_mask: 0.096 | loss_objectness: 0.001 | loss_rpn_box_reg: 0.002
  Batch 300: Total=0.3045 | loss_classifier: 0.061 | loss_box_reg: 0.059 | loss_mask: 0.184 | loss_objectness: 0.000 | loss_rpn_box_reg: 0.001
  Batch 320: Total=0.2912 | loss_classifier: 0.036 | loss_box_reg: 0.056 | loss_mask: 0.198 | loss_objectness: 0.000 | loss_rpn_box_reg: 0.002
  Batch 340: Total=0.6992 | loss_classifier: 0.057 | loss_box_reg: 0.063 | loss_mask: 0.560 | loss_objectness: 0.008 | loss_rpn_box_reg: 0.010
  Batch 360: Total=0.2113 | loss_classifier: 0.036 | loss_box_reg: 0.030 | loss_mask: 0.141 | loss_objectness: 0.002 | loss_rpn_box_reg: 0.003
  Batch 380: Total=0.1500 | loss_classifier: 0.019 | loss_box_reg: 0.040 | loss_mask: 0.090 | loss_objectness: 0.000 | loss_rpn_box_reg: 0.001
  Batch 400: Total=0.2382 | loss_classifier: 0.042 | loss_box_reg: 0.048 | loss_mask: 0.140 | loss_objectness: 0.002 | loss_rpn_box_reg: 0.006
Epoch 6 | Avg Loss: 0.3078 | LR: 0.000050

=== Epoch 7/100 ===
  Batch 20: Total=0.2816 | loss_classifier: 0.053 | loss_box_reg: 0.060 | loss_mask: 0.165 | loss_objectness: 0.001 | loss_rpn_box_reg: 0.003
  Batch 40: Total=0.2165 | loss_classifier: 0.031 | loss_box_reg: 0.074 | loss_mask: 0.106 | loss_objectness: 0.000 | loss_rpn_box_reg: 0.005
  Batch 60: Total=0.2066 | loss_classifier: 0.040 | loss_box_reg: 0.039 | loss_mask: 0.114 | loss_objectness: 0.006 | loss_rpn_box_reg: 0.008
  Batch 80: Total=0.2323 | loss_classifier: 0.029 | loss_box_reg: 0.091 | loss_mask: 0.111 | loss_objectness: 0.001 | loss_rpn_box_reg: 0.000
  Batch 100: Total=0.2447 | loss_classifier: 0.009 | loss_box_reg: 0.041 | loss_mask: 0.191 | loss_objectness: 0.002 | loss_rpn_box_reg: 0.002
  Batch 120: Total=0.3079 | loss_classifier: 0.059 | loss_box_reg: 0.029 | loss_mask: 0.213 | loss_objectness: 0.005 | loss_rpn_box_reg: 0.002
  Batch 140: Total=0.3601 | loss_classifier: 0.063 | loss_box_reg: 0.081 | loss_mask: 0.194 | loss_objectness: 0.012 | loss_rpn_box_reg: 0.010
  Batch 160: Total=0.2729 | loss_classifier: 0.050 | loss_box_reg: 0.052 | loss_mask: 0.169 | loss_objectness: 0.001 | loss_rpn_box_reg: 0.001
  Batch 180: Total=0.2144 | loss_classifier: 0.026 | loss_box_reg: 0.052 | loss_mask: 0.134 | loss_objectness: 0.001 | loss_rpn_box_reg: 0.001
  Batch 200: Total=0.2886 | loss_classifier: 0.036 | loss_box_reg: 0.035 | loss_mask: 0.200 | loss_objectness: 0.006 | loss_rpn_box_reg: 0.011
  Batch 220: Total=0.2073 | loss_classifier: 0.037 | loss_box_reg: 0.043 | loss_mask: 0.124 | loss_objectness: 0.001 | loss_rpn_box_reg: 0.002
  Batch 240: Total=0.1411 | loss_classifier: 0.011 | loss_box_reg: 0.037 | loss_mask: 0.090 | loss_objectness: 0.002 | loss_rpn_box_reg: 0.001
  Batch 260: Total=0.1818 | loss_classifier: 0.020 | loss_box_reg: 0.029 | loss_mask: 0.109 | loss_objectness: 0.018 | loss_rpn_box_reg: 0.005
  Batch 280: Total=0.2779 | loss_classifier: 0.019 | loss_box_reg: 0.047 | loss_mask: 0.179 | loss_objectness: 0.009 | loss_rpn_box_reg: 0.023
  Batch 300: Total=0.3032 | loss_classifier: 0.048 | loss_box_reg: 0.107 | loss_mask: 0.118 | loss_objectness: 0.026 | loss_rpn_box_reg: 0.004
  Batch 320: Total=0.6375 | loss_classifier: 0.176 | loss_box_reg: 0.202 | loss_mask: 0.240 | loss_objectness: 0.003 | loss_rpn_box_reg: 0.017
  Batch 340: Total=0.2739 | loss_classifier: 0.057 | loss_box_reg: 0.066 | loss_mask: 0.147 | loss_objectness: 0.001 | loss_rpn_box_reg: 0.003
  Batch 360: Total=0.3042 | loss_classifier: 0.056 | loss_box_reg: 0.102 | loss_mask: 0.139 | loss_objectness: 0.006 | loss_rpn_box_reg: 0.001
  Batch 380: Total=0.4409 | loss_classifier: 0.065 | loss_box_reg: 0.157 | loss_mask: 0.189 | loss_objectness: 0.016 | loss_rpn_box_reg: 0.014
  Batch 400: Total=0.1904 | loss_classifier: 0.015 | loss_box_reg: 0.053 | loss_mask: 0.117 | loss_objectness: 0.001 | loss_rpn_box_reg: 0.005
Epoch 7 | Avg Loss: 0.2811 | LR: 0.000050

=== Epoch 8/100 ===
  Batch 20: Total=0.5531 | loss_classifier: 0.075 | loss_box_reg: 0.111 | loss_mask: 0.358 | loss_objectness: 0.003 | loss_rpn_box_reg: 0.007
  Batch 40: Total=0.1952 | loss_classifier: 0.025 | loss_box_reg: 0.057 | loss_mask: 0.106 | loss_objectness: 0.001 | loss_rpn_box_reg: 0.006
  Batch 60: Total=0.1681 | loss_classifier: 0.016 | loss_box_reg: 0.049 | loss_mask: 0.097 | loss_objectness: 0.002 | loss_rpn_box_reg: 0.004
  Batch 80: Total=0.1882 | loss_classifier: 0.027 | loss_box_reg: 0.051 | loss_mask: 0.102 | loss_objectness: 0.004 | loss_rpn_box_reg: 0.004
  Batch 100: Total=0.2059 | loss_classifier: 0.023 | loss_box_reg: 0.064 | loss_mask: 0.114 | loss_objectness: 0.002 | loss_rpn_box_reg: 0.003
  Batch 120: Total=0.1269 | loss_classifier: 0.016 | loss_box_reg: 0.037 | loss_mask: 0.070 | loss_objectness: 0.000 | loss_rpn_box_reg: 0.003
  Batch 140: Total=0.1522 | loss_classifier: 0.014 | loss_box_reg: 0.032 | loss_mask: 0.104 | loss_objectness: 0.000 | loss_rpn_box_reg: 0.002
  Batch 160: Total=0.1684 | loss_classifier: 0.008 | loss_box_reg: 0.033 | loss_mask: 0.125 | loss_objectness: 0.000 | loss_rpn_box_reg: 0.002
  Batch 180: Total=0.1238 | loss_classifier: 0.022 | loss_box_reg: 0.028 | loss_mask: 0.071 | loss_objectness: 0.000 | loss_rpn_box_reg: 0.002
  Batch 200: Total=0.1750 | loss_classifier: 0.037 | loss_box_reg: 0.021 | loss_mask: 0.102 | loss_objectness: 0.014 | loss_rpn_box_reg: 0.002
  Batch 220: Total=0.3293 | loss_classifier: 0.036 | loss_box_reg: 0.116 | loss_mask: 0.171 | loss_objectness: 0.001 | loss_rpn_box_reg: 0.005
  Batch 240: Total=0.2190 | loss_classifier: 0.023 | loss_box_reg: 0.059 | loss_mask: 0.124 | loss_objectness: 0.006 | loss_rpn_box_reg: 0.007
  Batch 260: Total=0.1739 | loss_classifier: 0.017 | loss_box_reg: 0.036 | loss_mask: 0.119 | loss_objectness: 0.001 | loss_rpn_box_reg: 0.002
  Batch 280: Total=0.1649 | loss_classifier: 0.021 | loss_box_reg: 0.040 | loss_mask: 0.101 | loss_objectness: 0.000 | loss_rpn_box_reg: 0.003
  Batch 300: Total=0.3936 | loss_classifier: 0.064 | loss_box_reg: 0.160 | loss_mask: 0.152 | loss_objectness: 0.005 | loss_rpn_box_reg: 0.012
  Batch 320: Total=0.1928 | loss_classifier: 0.038 | loss_box_reg: 0.027 | loss_mask: 0.126 | loss_objectness: 0.001 | loss_rpn_box_reg: 0.002
  Batch 340: Total=0.1642 | loss_classifier: 0.022 | loss_box_reg: 0.051 | loss_mask: 0.076 | loss_objectness: 0.000 | loss_rpn_box_reg: 0.015
  Batch 360: Total=0.2970 | loss_classifier: 0.060 | loss_box_reg: 0.108 | loss_mask: 0.123 | loss_objectness: 0.001 | loss_rpn_box_reg: 0.004
  Batch 380: Total=0.1266 | loss_classifier: 0.012 | loss_box_reg: 0.025 | loss_mask: 0.087 | loss_objectness: 0.000 | loss_rpn_box_reg: 0.001
  Batch 400: Total=0.4211 | loss_classifier: 0.055 | loss_box_reg: 0.025 | loss_mask: 0.225 | loss_objectness: 0.054 | loss_rpn_box_reg: 0.062
Epoch 8 | Avg Loss: 0.2447 | LR: 0.000050

=== Epoch 9/100 ===
  Batch 20: Total=0.1781 | loss_classifier: 0.023 | loss_box_reg: 0.021 | loss_mask: 0.118 | loss_objectness: 0.006 | loss_rpn_box_reg: 0.009
  Batch 40: Total=0.1835 | loss_classifier: 0.015 | loss_box_reg: 0.049 | loss_mask: 0.116 | loss_objectness: 0.002 | loss_rpn_box_reg: 0.001
  Batch 60: Total=0.1807 | loss_classifier: 0.032 | loss_box_reg: 0.067 | loss_mask: 0.080 | loss_objectness: 0.000 | loss_rpn_box_reg: 0.001
  Batch 80: Total=0.1428 | loss_classifier: 0.029 | loss_box_reg: 0.052 | loss_mask: 0.061 | loss_objectness: 0.000 | loss_rpn_box_reg: 0.001
  Batch 100: Total=0.5471 | loss_classifier: 0.081 | loss_box_reg: 0.176 | loss_mask: 0.260 | loss_objectness: 0.023 | loss_rpn_box_reg: 0.007
  Batch 120: Total=0.1459 | loss_classifier: 0.015 | loss_box_reg: 0.046 | loss_mask: 0.082 | loss_objectness: 0.000 | loss_rpn_box_reg: 0.002
  Batch 140: Total=0.1317 | loss_classifier: 0.017 | loss_box_reg: 0.036 | loss_mask: 0.077 | loss_objectness: 0.001 | loss_rpn_box_reg: 0.001
  Batch 160: Total=0.4162 | loss_classifier: 0.059 | loss_box_reg: 0.160 | loss_mask: 0.191 | loss_objectness: 0.001 | loss_rpn_box_reg: 0.006
  Batch 180: Total=0.1272 | loss_classifier: 0.014 | loss_box_reg: 0.030 | loss_mask: 0.077 | loss_objectness: 0.001 | loss_rpn_box_reg: 0.005
  Batch 200: Total=0.1800 | loss_classifier: 0.026 | loss_box_reg: 0.058 | loss_mask: 0.095 | loss_objectness: 0.000 | loss_rpn_box_reg: 0.001
  Batch 220: Total=0.1925 | loss_classifier: 0.026 | loss_box_reg: 0.053 | loss_mask: 0.110 | loss_objectness: 0.001 | loss_rpn_box_reg: 0.002
  Batch 240: Total=0.2528 | loss_classifier: 0.031 | loss_box_reg: 0.071 | loss_mask: 0.146 | loss_objectness: 0.000 | loss_rpn_box_reg: 0.005
  Batch 260: Total=0.2135 | loss_classifier: 0.032 | loss_box_reg: 0.059 | loss_mask: 0.121 | loss_objectness: 0.000 | loss_rpn_box_reg: 0.001
  Batch 280: Total=0.4189 | loss_classifier: 0.081 | loss_box_reg: 0.188 | loss_mask: 0.134 | loss_objectness: 0.004 | loss_rpn_box_reg: 0.012
  Batch 300: Total=0.3711 | loss_classifier: 0.038 | loss_box_reg: 0.093 | loss_mask: 0.233 | loss_objectness: 0.002 | loss_rpn_box_reg: 0.004
  Batch 320: Total=0.3556 | loss_classifier: 0.042 | loss_box_reg: 0.083 | loss_mask: 0.222 | loss_objectness: 0.005 | loss_rpn_box_reg: 0.004
  Batch 340: Total=0.1944 | loss_classifier: 0.024 | loss_box_reg: 0.029 | loss_mask: 0.135 | loss_objectness: 0.000 | loss_rpn_box_reg: 0.006
  Batch 360: Total=0.1359 | loss_classifier: 0.020 | loss_box_reg: 0.027 | loss_mask: 0.087 | loss_objectness: 0.000 | loss_rpn_box_reg: 0.002
  Batch 380: Total=0.3294 | loss_classifier: 0.026 | loss_box_reg: 0.043 | loss_mask: 0.236 | loss_objectness: 0.021 | loss_rpn_box_reg: 0.003
  Batch 400: Total=0.1911 | loss_classifier: 0.032 | loss_box_reg: 0.041 | loss_mask: 0.096 | loss_objectness: 0.020 | loss_rpn_box_reg: 0.002
Epoch 9 | Avg Loss: 0.2399 | LR: 0.000050

=== Epoch 10/100 ===
  Batch 20: Total=0.2168 | loss_classifier: 0.025 | loss_box_reg: 0.048 | loss_mask: 0.139 | loss_objectness: 0.001 | loss_rpn_box_reg: 0.004
  Batch 40: Total=0.1904 | loss_classifier: 0.025 | loss_box_reg: 0.032 | loss_mask: 0.122 | loss_objectness: 0.002 | loss_rpn_box_reg: 0.009
  Batch 60: Total=0.1836 | loss_classifier: 0.023 | loss_box_reg: 0.051 | loss_mask: 0.107 | loss_objectness: 0.000 | loss_rpn_box_reg: 0.003
  Batch 80: Total=0.4744 | loss_classifier: 0.096 | loss_box_reg: 0.152 | loss_mask: 0.208 | loss_objectness: 0.006 | loss_rpn_box_reg: 0.012
  Batch 100: Total=0.1161 | loss_classifier: 0.021 | loss_box_reg: 0.034 | loss_mask: 0.060 | loss_objectness: 0.001 | loss_rpn_box_reg: 0.001
  Batch 120: Total=0.1269 | loss_classifier: 0.020 | loss_box_reg: 0.032 | loss_mask: 0.071 | loss_objectness: 0.002 | loss_rpn_box_reg: 0.001
  Batch 140: Total=0.4806 | loss_classifier: 0.097 | loss_box_reg: 0.172 | loss_mask: 0.206 | loss_objectness: 0.002 | loss_rpn_box_reg: 0.004
  Batch 160: Total=0.1262 | loss_classifier: 0.024 | loss_box_reg: 0.029 | loss_mask: 0.064 | loss_objectness: 0.005 | loss_rpn_box_reg: 0.004
  Batch 180: Total=0.1589 | loss_classifier: 0.016 | loss_box_reg: 0.042 | loss_mask: 0.098 | loss_objectness: 0.000 | loss_rpn_box_reg: 0.002
  Batch 200: Total=0.1459 | loss_classifier: 0.008 | loss_box_reg: 0.031 | loss_mask: 0.103 | loss_objectness: 0.001 | loss_rpn_box_reg: 0.004
  Batch 220: Total=0.1208 | loss_classifier: 0.014 | loss_box_reg: 0.023 | loss_mask: 0.083 | loss_objectness: 0.000 | loss_rpn_box_reg: 0.000
  Batch 240: Total=0.1799 | loss_classifier: 0.030 | loss_box_reg: 0.028 | loss_mask: 0.119 | loss_objectness: 0.001 | loss_rpn_box_reg: 0.002
  Batch 260: Total=0.1362 | loss_classifier: 0.007 | loss_box_reg: 0.038 | loss_mask: 0.089 | loss_objectness: 0.000 | loss_rpn_box_reg: 0.002
  Batch 280: Total=0.2193 | loss_classifier: 0.030 | loss_box_reg: 0.026 | loss_mask: 0.158 | loss_objectness: 0.001 | loss_rpn_box_reg: 0.004
  Batch 300: Total=0.1484 | loss_classifier: 0.018 | loss_box_reg: 0.033 | loss_mask: 0.089 | loss_objectness: 0.001 | loss_rpn_box_reg: 0.008
  Batch 320: Total=0.1344 | loss_classifier: 0.017 | loss_box_reg: 0.039 | loss_mask: 0.077 | loss_objectness: 0.001 | loss_rpn_box_reg: 0.000
  Batch 340: Total=0.2055 | loss_classifier: 0.034 | loss_box_reg: 0.084 | loss_mask: 0.087 | loss_objectness: 0.000 | loss_rpn_box_reg: 0.001
  Batch 360: Total=0.1527 | loss_classifier: 0.021 | loss_box_reg: 0.046 | loss_mask: 0.085 | loss_objectness: 0.000 | loss_rpn_box_reg: 0.000
  Batch 380: Total=0.1492 | loss_classifier: 0.014 | loss_box_reg: 0.054 | loss_mask: 0.075 | loss_objectness: 0.000 | loss_rpn_box_reg: 0.006
  Batch 400: Total=0.1652 | loss_classifier: 0.034 | loss_box_reg: 0.036 | loss_mask: 0.094 | loss_objectness: 0.000 | loss_rpn_box_reg: 0.002
Epoch 10 | Avg Loss: 0.2169 | LR: 0.000049

=== Epoch 11/100 ===
  Batch 20: Total=0.1148 | loss_classifier: 0.017 | loss_box_reg: 0.018 | loss_mask: 0.079 | loss_objectness: 0.000 | loss_rpn_box_reg: 0.001
  Batch 40: Total=0.2714 | loss_classifier: 0.025 | loss_box_reg: 0.128 | loss_mask: 0.100 | loss_objectness: 0.015 | loss_rpn_box_reg: 0.004
  Batch 60: Total=0.2419 | loss_classifier: 0.031 | loss_box_reg: 0.074 | loss_mask: 0.119 | loss_objectness: 0.015 | loss_rpn_box_reg: 0.003
  Batch 80: Total=0.1732 | loss_classifier: 0.029 | loss_box_reg: 0.061 | loss_mask: 0.082 | loss_objectness: 0.000 | loss_rpn_box_reg: 0.002
  Batch 100: Total=0.1581 | loss_classifier: 0.029 | loss_box_reg: 0.042 | loss_mask: 0.079 | loss_objectness: 0.003 | loss_rpn_box_reg: 0.006
  Batch 120: Total=0.1205 | loss_classifier: 0.013 | loss_box_reg: 0.028 | loss_mask: 0.077 | loss_objectness: 0.001 | loss_rpn_box_reg: 0.002
  Batch 140: Total=0.1996 | loss_classifier: 0.042 | loss_box_reg: 0.058 | loss_mask: 0.095 | loss_objectness: 0.002 | loss_rpn_box_reg: 0.002
  Batch 160: Total=0.1486 | loss_classifier: 0.019 | loss_box_reg: 0.054 | loss_mask: 0.076 | loss_objectness: 0.000 | loss_rpn_box_reg: 0.000
  Batch 180: Total=0.3368 | loss_classifier: 0.032 | loss_box_reg: 0.041 | loss_mask: 0.175 | loss_objectness: 0.031 | loss_rpn_box_reg: 0.058
  Batch 200: Total=0.1825 | loss_classifier: 0.022 | loss_box_reg: 0.050 | loss_mask: 0.106 | loss_objectness: 0.002 | loss_rpn_box_reg: 0.003
  Batch 220: Total=0.1609 | loss_classifier: 0.020 | loss_box_reg: 0.041 | loss_mask: 0.099 | loss_objectness: 0.000 | loss_rpn_box_reg: 0.000
  Batch 240: Total=0.1393 | loss_classifier: 0.013 | loss_box_reg: 0.014 | loss_mask: 0.104 | loss_objectness: 0.000 | loss_rpn_box_reg: 0.008
  Batch 260: Total=0.5529 | loss_classifier: 0.082 | loss_box_reg: 0.139 | loss_mask: 0.311 | loss_objectness: 0.019 | loss_rpn_box_reg: 0.002
  Batch 280: Total=0.2068 | loss_classifier: 0.043 | loss_box_reg: 0.049 | loss_mask: 0.114 | loss_objectness: 0.000 | loss_rpn_box_reg: 0.001
  Batch 300: Total=0.1312 | loss_classifier: 0.024 | loss_box_reg: 0.036 | loss_mask: 0.071 | loss_objectness: 0.000 | loss_rpn_box_reg: 0.000
  Batch 320: Total=0.2319 | loss_classifier: 0.039 | loss_box_reg: 0.028 | loss_mask: 0.163 | loss_objectness: 0.001 | loss_rpn_box_reg: 0.001
  Batch 340: Total=0.1613 | loss_classifier: 0.018 | loss_box_reg: 0.028 | loss_mask: 0.114 | loss_objectness: 0.000 | loss_rpn_box_reg: 0.001
  Batch 360: Total=0.1147 | loss_classifier: 0.023 | loss_box_reg: 0.029 | loss_mask: 0.060 | loss_objectness: 0.000 | loss_rpn_box_reg: 0.003
  Batch 380: Total=0.1368 | loss_classifier: 0.012 | loss_box_reg: 0.029 | loss_mask: 0.095 | loss_objectness: 0.000 | loss_rpn_box_reg: 0.001
  Batch 400: Total=0.1796 | loss_classifier: 0.015 | loss_box_reg: 0.016 | loss_mask: 0.127 | loss_objectness: 0.021 | loss_rpn_box_reg: 0.001
Epoch 11 | Avg Loss: 0.2061 | LR: 0.000049

=== Epoch 12/100 ===
  Batch 20: Total=0.2666 | loss_classifier: 0.035 | loss_box_reg: 0.083 | loss_mask: 0.140 | loss_objectness: 0.001 | loss_rpn_box_reg: 0.008
  Batch 40: Total=0.1760 | loss_classifier: 0.021 | loss_box_reg: 0.048 | loss_mask: 0.103 | loss_objectness: 0.000 | loss_rpn_box_reg: 0.004
  Batch 60: Total=0.1652 | loss_classifier: 0.014 | loss_box_reg: 0.025 | loss_mask: 0.117 | loss_objectness: 0.006 | loss_rpn_box_reg: 0.003
  Batch 80: Total=0.1836 | loss_classifier: 0.033 | loss_box_reg: 0.062 | loss_mask: 0.088 | loss_objectness: 0.000 | loss_rpn_box_reg: 0.000
  Batch 100: Total=0.2680 | loss_classifier: 0.035 | loss_box_reg: 0.089 | loss_mask: 0.142 | loss_objectness: 0.001 | loss_rpn_box_reg: 0.002
  Batch 120: Total=0.1019 | loss_classifier: 0.007 | loss_box_reg: 0.017 | loss_mask: 0.077 | loss_objectness: 0.000 | loss_rpn_box_reg: 0.001
  Batch 140: Total=0.3432 | loss_classifier: 0.045 | loss_box_reg: 0.115 | loss_mask: 0.176 | loss_objectness: 0.001 | loss_rpn_box_reg: 0.007
  Batch 160: Total=0.2054 | loss_classifier: 0.023 | loss_box_reg: 0.039 | loss_mask: 0.128 | loss_objectness: 0.001 | loss_rpn_box_reg: 0.014
  Batch 180: Total=0.1891 | loss_classifier: 0.027 | loss_box_reg: 0.047 | loss_mask: 0.110 | loss_objectness: 0.000 | loss_rpn_box_reg: 0.005
  Batch 200: Total=0.2088 | loss_classifier: 0.024 | loss_box_reg: 0.079 | loss_mask: 0.104 | loss_objectness: 0.000 | loss_rpn_box_reg: 0.002
  Batch 220: Total=0.1134 | loss_classifier: 0.007 | loss_box_reg: 0.019 | loss_mask: 0.081 | loss_objectness: 0.001 | loss_rpn_box_reg: 0.005
  Batch 240: Total=0.1647 | loss_classifier: 0.011 | loss_box_reg: 0.028 | loss_mask: 0.112 | loss_objectness: 0.013 | loss_rpn_box_reg: 0.000
  Batch 260: Total=0.1360 | loss_classifier: 0.018 | loss_box_reg: 0.035 | loss_mask: 0.077 | loss_objectness: 0.001 | loss_rpn_box_reg: 0.006
  Batch 280: Total=0.1790 | loss_classifier: 0.029 | loss_box_reg: 0.050 | loss_mask: 0.098 | loss_objectness: 0.000 | loss_rpn_box_reg: 0.002
  Batch 300: Total=0.2425 | loss_classifier: 0.044 | loss_box_reg: 0.055 | loss_mask: 0.136 | loss_objectness: 0.002 | loss_rpn_box_reg: 0.006
  Batch 320: Total=0.1682 | loss_classifier: 0.036 | loss_box_reg: 0.049 | loss_mask: 0.081 | loss_objectness: 0.000 | loss_rpn_box_reg: 0.002
  Batch 340: Total=0.1691 | loss_classifier: 0.012 | loss_box_reg: 0.032 | loss_mask: 0.102 | loss_objectness: 0.020 | loss_rpn_box_reg: 0.004
  Batch 360: Total=0.1375 | loss_classifier: 0.019 | loss_box_reg: 0.032 | loss_mask: 0.080 | loss_objectness: 0.005 | loss_rpn_box_reg: 0.000
  Batch 380: Total=0.1213 | loss_classifier: 0.016 | loss_box_reg: 0.027 | loss_mask: 0.066 | loss_objectness: 0.008 | loss_rpn_box_reg: 0.004
  Batch 400: Total=0.2054 | loss_classifier: 0.022 | loss_box_reg: 0.051 | loss_mask: 0.127 | loss_objectness: 0.002 | loss_rpn_box_reg: 0.003
Epoch 12 | Avg Loss: 0.1896 | LR: 0.000049

=== Epoch 13/100 ===
  Batch 20: Total=0.1828 | loss_classifier: 0.010 | loss_box_reg: 0.058 | loss_mask: 0.113 | loss_objectness: 0.000 | loss_rpn_box_reg: 0.003
  Batch 40: Total=0.1823 | loss_classifier: 0.043 | loss_box_reg: 0.038 | loss_mask: 0.093 | loss_objectness: 0.002 | loss_rpn_box_reg: 0.005
  Batch 60: Total=0.2275 | loss_classifier: 0.024 | loss_box_reg: 0.051 | loss_mask: 0.150 | loss_objectness: 0.000 | loss_rpn_box_reg: 0.002
  Batch 80: Total=0.1493 | loss_classifier: 0.013 | loss_box_reg: 0.018 | loss_mask: 0.117 | loss_objectness: 0.000 | loss_rpn_box_reg: 0.002
  Batch 100: Total=0.2210 | loss_classifier: 0.036 | loss_box_reg: 0.060 | loss_mask: 0.120 | loss_objectness: 0.000 | loss_rpn_box_reg: 0.005
  Batch 120: Total=0.0838 | loss_classifier: 0.007 | loss_box_reg: 0.014 | loss_mask: 0.062 | loss_objectness: 0.000 | loss_rpn_box_reg: 0.001
  Batch 140: Total=0.1545 | loss_classifier: 0.017 | loss_box_reg: 0.013 | loss_mask: 0.109 | loss_objectness: 0.004 | loss_rpn_box_reg: 0.012
  Batch 160: Total=0.3065 | loss_classifier: 0.035 | loss_box_reg: 0.081 | loss_mask: 0.189 | loss_objectness: 0.001 | loss_rpn_box_reg: 0.001
  Batch 180: Total=0.1748 | loss_classifier: 0.022 | loss_box_reg: 0.053 | loss_mask: 0.084 | loss_objectness: 0.012 | loss_rpn_box_reg: 0.003
  Batch 200: Total=0.1270 | loss_classifier: 0.020 | loss_box_reg: 0.034 | loss_mask: 0.072 | loss_objectness: 0.000 | loss_rpn_box_reg: 0.001
  Batch 220: Total=0.1034 | loss_classifier: 0.015 | loss_box_reg: 0.030 | loss_mask: 0.058 | loss_objectness: 0.000 | loss_rpn_box_reg: 0.001
  Batch 240: Total=0.2177 | loss_classifier: 0.020 | loss_box_reg: 0.046 | loss_mask: 0.148 | loss_objectness: 0.001 | loss_rpn_box_reg: 0.002
  Batch 260: Total=0.1193 | loss_classifier: 0.009 | loss_box_reg: 0.029 | loss_mask: 0.081 | loss_objectness: 0.000 | loss_rpn_box_reg: 0.001
  Batch 280: Total=0.1082 | loss_classifier: 0.012 | loss_box_reg: 0.023 | loss_mask: 0.068 | loss_objectness: 0.000 | loss_rpn_box_reg: 0.005
  Batch 300: Total=0.2107 | loss_classifier: 0.033 | loss_box_reg: 0.053 | loss_mask: 0.120 | loss_objectness: 0.001 | loss_rpn_box_reg: 0.003
  Batch 320: Total=0.1270 | loss_classifier: 0.012 | loss_box_reg: 0.021 | loss_mask: 0.091 | loss_objectness: 0.000 | loss_rpn_box_reg: 0.003
  Batch 340: Total=0.1826 | loss_classifier: 0.027 | loss_box_reg: 0.048 | loss_mask: 0.087 | loss_objectness: 0.019 | loss_rpn_box_reg: 0.001
  Batch 360: Total=0.1201 | loss_classifier: 0.005 | loss_box_reg: 0.038 | loss_mask: 0.068 | loss_objectness: 0.008 | loss_rpn_box_reg: 0.001
  Batch 380: Total=0.1170 | loss_classifier: 0.015 | loss_box_reg: 0.030 | loss_mask: 0.070 | loss_objectness: 0.000 | loss_rpn_box_reg: 0.001
  Batch 400: Total=0.1529 | loss_classifier: 0.013 | loss_box_reg: 0.039 | loss_mask: 0.091 | loss_objectness: 0.001 | loss_rpn_box_reg: 0.009
Epoch 13 | Avg Loss: 0.1805 | LR: 0.000049

=== Epoch 14/100 ===
  Batch 20: Total=0.1233 | loss_classifier: 0.012 | loss_box_reg: 0.050 | loss_mask: 0.060 | loss_objectness: 0.000 | loss_rpn_box_reg: 0.001
  Batch 40: Total=0.5639 | loss_classifier: 0.147 | loss_box_reg: 0.203 | loss_mask: 0.188 | loss_objectness: 0.001 | loss_rpn_box_reg: 0.024
  Batch 60: Total=0.4644 | loss_classifier: 0.102 | loss_box_reg: 0.181 | loss_mask: 0.168 | loss_objectness: 0.001 | loss_rpn_box_reg: 0.012
  Batch 80: Total=0.1697 | loss_classifier: 0.012 | loss_box_reg: 0.021 | loss_mask: 0.118 | loss_objectness: 0.004 | loss_rpn_box_reg: 0.015
  Batch 100: Total=0.1208 | loss_classifier: 0.019 | loss_box_reg: 0.030 | loss_mask: 0.068 | loss_objectness: 0.000 | loss_rpn_box_reg: 0.005
  Batch 120: Total=0.1496 | loss_classifier: 0.021 | loss_box_reg: 0.046 | loss_mask: 0.079 | loss_objectness: 0.002 | loss_rpn_box_reg: 0.001
  Batch 140: Total=0.1351 | loss_classifier: 0.011 | loss_box_reg: 0.019 | loss_mask: 0.103 | loss_objectness: 0.000 | loss_rpn_box_reg: 0.001
  Batch 160: Total=0.2246 | loss_classifier: 0.029 | loss_box_reg: 0.116 | loss_mask: 0.074 | loss_objectness: 0.000 | loss_rpn_box_reg: 0.004
  Batch 180: Total=0.3776 | loss_classifier: 0.063 | loss_box_reg: 0.077 | loss_mask: 0.223 | loss_objectness: 0.010 | loss_rpn_box_reg: 0.003
  Batch 200: Total=0.1379 | loss_classifier: 0.016 | loss_box_reg: 0.033 | loss_mask: 0.085 | loss_objectness: 0.000 | loss_rpn_box_reg: 0.003
  Batch 220: Total=0.2783 | loss_classifier: 0.055 | loss_box_reg: 0.083 | loss_mask: 0.131 | loss_objectness: 0.004 | loss_rpn_box_reg: 0.005
  Batch 240: Total=0.1072 | loss_classifier: 0.013 | loss_box_reg: 0.013 | loss_mask: 0.076 | loss_objectness: 0.002 | loss_rpn_box_reg: 0.003
  Batch 260: Total=0.0999 | loss_classifier: 0.004 | loss_box_reg: 0.036 | loss_mask: 0.057 | loss_objectness: 0.000 | loss_rpn_box_reg: 0.003
  Batch 280: Total=0.1316 | loss_classifier: 0.016 | loss_box_reg: 0.039 | loss_mask: 0.075 | loss_objectness: 0.000 | loss_rpn_box_reg: 0.002
  Batch 300: Total=0.1614 | loss_classifier: 0.014 | loss_box_reg: 0.045 | loss_mask: 0.100 | loss_objectness: 0.000 | loss_rpn_box_reg: 0.002
  Batch 320: Total=0.2129 | loss_classifier: 0.026 | loss_box_reg: 0.070 | loss_mask: 0.114 | loss_objectness: 0.000 | loss_rpn_box_reg: 0.003
  Batch 340: Total=0.1093 | loss_classifier: 0.014 | loss_box_reg: 0.030 | loss_mask: 0.064 | loss_objectness: 0.000 | loss_rpn_box_reg: 0.001
  Batch 360: Total=0.2077 | loss_classifier: 0.031 | loss_box_reg: 0.079 | loss_mask: 0.093 | loss_objectness: 0.000 | loss_rpn_box_reg: 0.005
  Batch 380: Total=0.1167 | loss_classifier: 0.015 | loss_box_reg: 0.023 | loss_mask: 0.078 | loss_objectness: 0.000 | loss_rpn_box_reg: 0.001
  Batch 400: Total=0.1261 | loss_classifier: 0.011 | loss_box_reg: 0.032 | loss_mask: 0.078 | loss_objectness: 0.002 | loss_rpn_box_reg: 0.003
Epoch 14 | Avg Loss: 0.1702 | LR: 0.000048

=== Epoch 15/100 ===
  Batch 20: Total=0.1121 | loss_classifier: 0.017 | loss_box_reg: 0.022 | loss_mask: 0.072 | loss_objectness: 0.000 | loss_rpn_box_reg: 0.001
  Batch 40: Total=0.1008 | loss_classifier: 0.011 | loss_box_reg: 0.010 | loss_mask: 0.079 | loss_objectness: 0.000 | loss_rpn_box_reg: 0.001
  Batch 60: Total=0.2082 | loss_classifier: 0.029 | loss_box_reg: 0.050 | loss_mask: 0.128 | loss_objectness: 0.000 | loss_rpn_box_reg: 0.002
  Batch 80: Total=0.8032 | loss_classifier: 0.182 | loss_box_reg: 0.314 | loss_mask: 0.289 | loss_objectness: 0.004 | loss_rpn_box_reg: 0.014
  Batch 100: Total=0.1043 | loss_classifier: 0.010 | loss_box_reg: 0.017 | loss_mask: 0.076 | loss_objectness: 0.001 | loss_rpn_box_reg: 0.001
  Batch 120: Total=0.1069 | loss_classifier: 0.016 | loss_box_reg: 0.022 | loss_mask: 0.066 | loss_objectness: 0.000 | loss_rpn_box_reg: 0.002
  Batch 140: Total=0.0908 | loss_classifier: 0.011 | loss_box_reg: 0.022 | loss_mask: 0.055 | loss_objectness: 0.000 | loss_rpn_box_reg: 0.003
  Batch 160: Total=0.1471 | loss_classifier: 0.004 | loss_box_reg: 0.023 | loss_mask: 0.117 | loss_objectness: 0.002 | loss_rpn_box_reg: 0.001
  Batch 180: Total=0.1237 | loss_classifier: 0.012 | loss_box_reg: 0.028 | loss_mask: 0.083 | loss_objectness: 0.000 | loss_rpn_box_reg: 0.001
  Batch 200: Total=0.1442 | loss_classifier: 0.018 | loss_box_reg: 0.021 | loss_mask: 0.098 | loss_objectness: 0.000 | loss_rpn_box_reg: 0.007
  Batch 220: Total=0.0943 | loss_classifier: 0.010 | loss_box_reg: 0.020 | loss_mask: 0.063 | loss_objectness: 0.000 | loss_rpn_box_reg: 0.001
  Batch 240: Total=0.1072 | loss_classifier: 0.008 | loss_box_reg: 0.022 | loss_mask: 0.076 | loss_objectness: 0.000 | loss_rpn_box_reg: 0.002
  Batch 260: Total=0.2612 | loss_classifier: 0.044 | loss_box_reg: 0.088 | loss_mask: 0.125 | loss_objectness: 0.000 | loss_rpn_box_reg: 0.005
  Batch 280: Total=0.1799 | loss_classifier: 0.023 | loss_box_reg: 0.059 | loss_mask: 0.093 | loss_objectness: 0.000 | loss_rpn_box_reg: 0.004
  Batch 300: Total=0.2109 | loss_classifier: 0.014 | loss_box_reg: 0.055 | loss_mask: 0.142 | loss_objectness: 0.000 | loss_rpn_box_reg: 0.001
  Batch 320: Total=0.1903 | loss_classifier: 0.015 | loss_box_reg: 0.076 | loss_mask: 0.097 | loss_objectness: 0.001 | loss_rpn_box_reg: 0.003
  Batch 340: Total=0.4449 | loss_classifier: 0.066 | loss_box_reg: 0.110 | loss_mask: 0.263 | loss_objectness: 0.003 | loss_rpn_box_reg: 0.002
  Batch 360: Total=0.1787 | loss_classifier: 0.039 | loss_box_reg: 0.040 | loss_mask: 0.098 | loss_objectness: 0.000 | loss_rpn_box_reg: 0.001
  Batch 380: Total=0.1241 | loss_classifier: 0.010 | loss_box_reg: 0.019 | loss_mask: 0.095 | loss_objectness: 0.000 | loss_rpn_box_reg: 0.000
  Batch 400: Total=0.1382 | loss_classifier: 0.010 | loss_box_reg: 0.054 | loss_mask: 0.073 | loss_objectness: 0.000 | loss_rpn_box_reg: 0.001
Epoch 15 | Avg Loss: 0.1625 | LR: 0.000048

=== Epoch 16/100 ===
  Batch 20: Total=0.1452 | loss_classifier: 0.008 | loss_box_reg: 0.028 | loss_mask: 0.099 | loss_objectness: 0.009 | loss_rpn_box_reg: 0.001
  Batch 40: Total=0.0992 | loss_classifier: 0.010 | loss_box_reg: 0.028 | loss_mask: 0.060 | loss_objectness: 0.000 | loss_rpn_box_reg: 0.001
  Batch 60: Total=0.1846 | loss_classifier: 0.023 | loss_box_reg: 0.054 | loss_mask: 0.106 | loss_objectness: 0.000 | loss_rpn_box_reg: 0.001
  Batch 80: Total=0.4711 | loss_classifier: 0.071 | loss_box_reg: 0.248 | loss_mask: 0.145 | loss_objectness: 0.002 | loss_rpn_box_reg: 0.006
  Batch 100: Total=0.1115 | loss_classifier: 0.009 | loss_box_reg: 0.027 | loss_mask: 0.072 | loss_objectness: 0.003 | loss_rpn_box_reg: 0.000
  Batch 120: Total=0.1414 | loss_classifier: 0.011 | loss_box_reg: 0.037 | loss_mask: 0.092 | loss_objectness: 0.000 | loss_rpn_box_reg: 0.002
  Batch 140: Total=0.1907 | loss_classifier: 0.025 | loss_box_reg: 0.037 | loss_mask: 0.125 | loss_objectness: 0.002 | loss_rpn_box_reg: 0.001
  Batch 160: Total=0.1299 | loss_classifier: 0.018 | loss_box_reg: 0.031 | loss_mask: 0.080 | loss_objectness: 0.000 | loss_rpn_box_reg: 0.001
  Batch 180: Total=0.1093 | loss_classifier: 0.020 | loss_box_reg: 0.034 | loss_mask: 0.055 | loss_objectness: 0.000 | loss_rpn_box_reg: 0.000
  Batch 200: Total=0.1210 | loss_classifier: 0.016 | loss_box_reg: 0.023 | loss_mask: 0.080 | loss_objectness: 0.000 | loss_rpn_box_reg: 0.001
  Batch 220: Total=0.0830 | loss_classifier: 0.005 | loss_box_reg: 0.007 | loss_mask: 0.071 | loss_objectness: 0.000 | loss_rpn_box_reg: 0.000
  Batch 240: Total=0.1204 | loss_classifier: 0.021 | loss_box_reg: 0.029 | loss_mask: 0.068 | loss_objectness: 0.000 | loss_rpn_box_reg: 0.002
  Batch 260: Total=0.1356 | loss_classifier: 0.008 | loss_box_reg: 0.034 | loss_mask: 0.093 | loss_objectness: 0.000 | loss_rpn_box_reg: 0.001
  Batch 280: Total=0.1026 | loss_classifier: 0.021 | loss_box_reg: 0.015 | loss_mask: 0.055 | loss_objectness: 0.009 | loss_rpn_box_reg: 0.002
  Batch 300: Total=0.1472 | loss_classifier: 0.010 | loss_box_reg: 0.049 | loss_mask: 0.074 | loss_objectness: 0.013 | loss_rpn_box_reg: 0.001
  Batch 320: Total=0.1690 | loss_classifier: 0.041 | loss_box_reg: 0.048 | loss_mask: 0.080 | loss_objectness: 0.000 | loss_rpn_box_reg: 0.000
  Batch 340: Total=0.0985 | loss_classifier: 0.007 | loss_box_reg: 0.016 | loss_mask: 0.073 | loss_objectness: 0.002 | loss_rpn_box_reg: 0.001
  Batch 360: Total=0.1939 | loss_classifier: 0.027 | loss_box_reg: 0.051 | loss_mask: 0.112 | loss_objectness: 0.002 | loss_rpn_box_reg: 0.002
  Batch 380: Total=0.1775 | loss_classifier: 0.031 | loss_box_reg: 0.069 | loss_mask: 0.072 | loss_objectness: 0.000 | loss_rpn_box_reg: 0.006
  Batch 400: Total=0.0961 | loss_classifier: 0.008 | loss_box_reg: 0.020 | loss_mask: 0.066 | loss_objectness: 0.000 | loss_rpn_box_reg: 0.002
Epoch 16 | Avg Loss: 0.1579 | LR: 0.000048

=== Epoch 17/100 ===
  Batch 20: Total=0.0852 | loss_classifier: 0.009 | loss_box_reg: 0.014 | loss_mask: 0.062 | loss_objectness: 0.000 | loss_rpn_box_reg: 0.000
  Batch 40: Total=0.1015 | loss_classifier: 0.010 | loss_box_reg: 0.023 | loss_mask: 0.067 | loss_objectness: 0.000 | loss_rpn_box_reg: 0.001
  Batch 60: Total=0.0881 | loss_classifier: 0.003 | loss_box_reg: 0.019 | loss_mask: 0.065 | loss_objectness: 0.000 | loss_rpn_box_reg: 0.001
  Batch 80: Total=0.1827 | loss_classifier: 0.025 | loss_box_reg: 0.064 | loss_mask: 0.074 | loss_objectness: 0.017 | loss_rpn_box_reg: 0.002
  Batch 100: Total=0.1382 | loss_classifier: 0.021 | loss_box_reg: 0.033 | loss_mask: 0.080 | loss_objectness: 0.001 | loss_rpn_box_reg: 0.003
  Batch 120: Total=0.1516 | loss_classifier: 0.014 | loss_box_reg: 0.057 | loss_mask: 0.081 | loss_objectness: 0.000 | loss_rpn_box_reg: 0.000
  Batch 140: Total=0.1365 | loss_classifier: 0.018 | loss_box_reg: 0.048 | loss_mask: 0.068 | loss_objectness: 0.000 | loss_rpn_box_reg: 0.002
  Batch 160: Total=0.1147 | loss_classifier: 0.012 | loss_box_reg: 0.034 | loss_mask: 0.067 | loss_objectness: 0.000 | loss_rpn_box_reg: 0.000
  Batch 180: Total=0.1537 | loss_classifier: 0.025 | loss_box_reg: 0.047 | loss_mask: 0.081 | loss_objectness: 0.000 | loss_rpn_box_reg: 0.001
  Batch 200: Total=0.1398 | loss_classifier: 0.018 | loss_box_reg: 0.038 | loss_mask: 0.084 | loss_objectness: 0.000 | loss_rpn_box_reg: 0.000
  Batch 220: Total=0.0910 | loss_classifier: 0.005 | loss_box_reg: 0.020 | loss_mask: 0.065 | loss_objectness: 0.000 | loss_rpn_box_reg: 0.001
  Batch 240: Total=0.0951 | loss_classifier: 0.014 | loss_box_reg: 0.018 | loss_mask: 0.062 | loss_objectness: 0.000 | loss_rpn_box_reg: 0.001
  Batch 260: Total=0.1832 | loss_classifier: 0.029 | loss_box_reg: 0.022 | loss_mask: 0.109 | loss_objectness: 0.000 | loss_rpn_box_reg: 0.023
  Batch 280: Total=0.0941 | loss_classifier: 0.007 | loss_box_reg: 0.020 | loss_mask: 0.067 | loss_objectness: 0.000 | loss_rpn_box_reg: 0.001
  Batch 300: Total=0.1041 | loss_classifier: 0.013 | loss_box_reg: 0.031 | loss_mask: 0.058 | loss_objectness: 0.000 | loss_rpn_box_reg: 0.002
  Batch 320: Total=0.1989 | loss_classifier: 0.019 | loss_box_reg: 0.030 | loss_mask: 0.148 | loss_objectness: 0.001 | loss_rpn_box_reg: 0.001
  Batch 340: Total=0.1386 | loss_classifier: 0.016 | loss_box_reg: 0.044 | loss_mask: 0.076 | loss_objectness: 0.000 | loss_rpn_box_reg: 0.003
  Batch 360: Total=0.1816 | loss_classifier: 0.021 | loss_box_reg: 0.043 | loss_mask: 0.115 | loss_objectness: 0.000 | loss_rpn_box_reg: 0.002
  Batch 380: Total=0.1278 | loss_classifier: 0.010 | loss_box_reg: 0.038 | loss_mask: 0.076 | loss_objectness: 0.000 | loss_rpn_box_reg: 0.003
  Batch 400: Total=0.1799 | loss_classifier: 0.022 | loss_box_reg: 0.031 | loss_mask: 0.124 | loss_objectness: 0.000 | loss_rpn_box_reg: 0.003
Epoch 17 | Avg Loss: 0.1519 | LR: 0.000048

=== Epoch 18/100 ===
  Batch 20: Total=0.1153 | loss_classifier: 0.024 | loss_box_reg: 0.026 | loss_mask: 0.065 | loss_objectness: 0.000 | loss_rpn_box_reg: 0.000
  Batch 40: Total=0.1042 | loss_classifier: 0.005 | loss_box_reg: 0.020 | loss_mask: 0.076 | loss_objectness: 0.001 | loss_rpn_box_reg: 0.002
  Batch 60: Total=0.1617 | loss_classifier: 0.011 | loss_box_reg: 0.059 | loss_mask: 0.089 | loss_objectness: 0.001 | loss_rpn_box_reg: 0.002
  Batch 80: Total=0.1769 | loss_classifier: 0.042 | loss_box_reg: 0.045 | loss_mask: 0.085 | loss_objectness: 0.003 | loss_rpn_box_reg: 0.002
  Batch 100: Total=0.1143 | loss_classifier: 0.024 | loss_box_reg: 0.027 | loss_mask: 0.062 | loss_objectness: 0.001 | loss_rpn_box_reg: 0.001
  Batch 120: Total=0.2456 | loss_classifier: 0.039 | loss_box_reg: 0.091 | loss_mask: 0.113 | loss_objectness: 0.000 | loss_rpn_box_reg: 0.002
  Batch 140: Total=0.0905 | loss_classifier: 0.006 | loss_box_reg: 0.014 | loss_mask: 0.068 | loss_objectness: 0.001 | loss_rpn_box_reg: 0.001
  Batch 160: Total=0.2781 | loss_classifier: 0.031 | loss_box_reg: 0.046 | loss_mask: 0.201 | loss_objectness: 0.000 | loss_rpn_box_reg: 0.001
  Batch 180: Total=0.1378 | loss_classifier: 0.011 | loss_box_reg: 0.056 | loss_mask: 0.067 | loss_objectness: 0.003 | loss_rpn_box_reg: 0.001
  Batch 200: Total=0.1854 | loss_classifier: 0.037 | loss_box_reg: 0.039 | loss_mask: 0.108 | loss_objectness: 0.000 | loss_rpn_box_reg: 0.002
  Batch 220: Total=0.1926 | loss_classifier: 0.016 | loss_box_reg: 0.049 | loss_mask: 0.127 | loss_objectness: 0.000 | loss_rpn_box_reg: 0.001
  Batch 240: Total=0.1510 | loss_classifier: 0.028 | loss_box_reg: 0.050 | loss_mask: 0.071 | loss_objectness: 0.001 | loss_rpn_box_reg: 0.002
  Batch 260: Total=0.0892 | loss_classifier: 0.004 | loss_box_reg: 0.035 | loss_mask: 0.050 | loss_objectness: 0.000 | loss_rpn_box_reg: 0.001
  Batch 280: Total=0.1330 | loss_classifier: 0.012 | loss_box_reg: 0.038 | loss_mask: 0.082 | loss_objectness: 0.000 | loss_rpn_box_reg: 0.001
  Batch 300: Total=0.0877 | loss_classifier: 0.005 | loss_box_reg: 0.014 | loss_mask: 0.061 | loss_objectness: 0.006 | loss_rpn_box_reg: 0.002
  Batch 320: Total=0.1221 | loss_classifier: 0.023 | loss_box_reg: 0.024 | loss_mask: 0.074 | loss_objectness: 0.001 | loss_rpn_box_reg: 0.001
  Batch 340: Total=0.1825 | loss_classifier: 0.038 | loss_box_reg: 0.050 | loss_mask: 0.093 | loss_objectness: 0.000 | loss_rpn_box_reg: 0.001
  Batch 360: Total=0.1975 | loss_classifier: 0.025 | loss_box_reg: 0.045 | loss_mask: 0.117 | loss_objectness: 0.000 | loss_rpn_box_reg: 0.010
  Batch 380: Total=0.1016 | loss_classifier: 0.015 | loss_box_reg: 0.021 | loss_mask: 0.065 | loss_objectness: 0.000 | loss_rpn_box_reg: 0.000
  Batch 400: Total=0.1890 | loss_classifier: 0.032 | loss_box_reg: 0.059 | loss_mask: 0.095 | loss_objectness: 0.000 | loss_rpn_box_reg: 0.003
Epoch 18 | Avg Loss: 0.1486 | LR: 0.000047

=== Epoch 19/100 ===
  Batch 20: Total=0.2279 | loss_classifier: 0.036 | loss_box_reg: 0.075 | loss_mask: 0.109 | loss_objectness: 0.002 | loss_rpn_box_reg: 0.006
  Batch 40: Total=0.1612 | loss_classifier: 0.019 | loss_box_reg: 0.039 | loss_mask: 0.076 | loss_objectness: 0.025 | loss_rpn_box_reg: 0.002
  Batch 60: Total=0.2385 | loss_classifier: 0.056 | loss_box_reg: 0.085 | loss_mask: 0.086 | loss_objectness: 0.001 | loss_rpn_box_reg: 0.010
  Batch 80: Total=0.1143 | loss_classifier: 0.022 | loss_box_reg: 0.025 | loss_mask: 0.059 | loss_objectness: 0.005 | loss_rpn_box_reg: 0.003
  Batch 100: Total=0.1271 | loss_classifier: 0.017 | loss_box_reg: 0.052 | loss_mask: 0.058 | loss_objectness: 0.000 | loss_rpn_box_reg: 0.000
  Batch 120: Total=0.1431 | loss_classifier: 0.028 | loss_box_reg: 0.030 | loss_mask: 0.081 | loss_objectness: 0.000 | loss_rpn_box_reg: 0.004
  Batch 140: Total=0.1009 | loss_classifier: 0.002 | loss_box_reg: 0.017 | loss_mask: 0.081 | loss_objectness: 0.000 | loss_rpn_box_reg: 0.000
  Batch 160: Total=0.1314 | loss_classifier: 0.015 | loss_box_reg: 0.017 | loss_mask: 0.098 | loss_objectness: 0.000 | loss_rpn_box_reg: 0.001
  Batch 180: Total=0.1325 | loss_classifier: 0.016 | loss_box_reg: 0.042 | loss_mask: 0.070 | loss_objectness: 0.002 | loss_rpn_box_reg: 0.002
  Batch 200: Total=0.1105 | loss_classifier: 0.014 | loss_box_reg: 0.029 | loss_mask: 0.064 | loss_objectness: 0.000 | loss_rpn_box_reg: 0.004
  Batch 220: Total=0.1138 | loss_classifier: 0.006 | loss_box_reg: 0.029 | loss_mask: 0.076 | loss_objectness: 0.000 | loss_rpn_box_reg: 0.002
  Batch 240: Total=0.4195 | loss_classifier: 0.103 | loss_box_reg: 0.131 | loss_mask: 0.178 | loss_objectness: 0.005 | loss_rpn_box_reg: 0.002
  Batch 260: Total=0.1172 | loss_classifier: 0.007 | loss_box_reg: 0.026 | loss_mask: 0.083 | loss_objectness: 0.000 | loss_rpn_box_reg: 0.001
  Batch 280: Total=0.1670 | loss_classifier: 0.012 | loss_box_reg: 0.069 | loss_mask: 0.081 | loss_objectness: 0.000 | loss_rpn_box_reg: 0.005
  Batch 300: Total=0.1208 | loss_classifier: 0.014 | loss_box_reg: 0.031 | loss_mask: 0.074 | loss_objectness: 0.002 | loss_rpn_box_reg: 0.001
  Batch 320: Total=0.1029 | loss_classifier: 0.013 | loss_box_reg: 0.020 | loss_mask: 0.068 | loss_objectness: 0.000 | loss_rpn_box_reg: 0.001
  Batch 340: Total=0.0819 | loss_classifier: 0.011 | loss_box_reg: 0.022 | loss_mask: 0.049 | loss_objectness: 0.000 | loss_rpn_box_reg: 0.000
  Batch 360: Total=0.1236 | loss_classifier: 0.009 | loss_box_reg: 0.038 | loss_mask: 0.075 | loss_objectness: 0.000 | loss_rpn_box_reg: 0.001
  Batch 380: Total=0.1421 | loss_classifier: 0.034 | loss_box_reg: 0.037 | loss_mask: 0.070 | loss_objectness: 0.000 | loss_rpn_box_reg: 0.000
  Batch 400: Total=0.2958 | loss_classifier: 0.040 | loss_box_reg: 0.103 | loss_mask: 0.151 | loss_objectness: 0.000 | loss_rpn_box_reg: 0.002
Epoch 19 | Avg Loss: 0.1462 | LR: 0.000047

=== Epoch 20/100 ===
  Batch 20: Total=0.1214 | loss_classifier: 0.014 | loss_box_reg: 0.038 | loss_mask: 0.067 | loss_objectness: 0.001 | loss_rpn_box_reg: 0.001
  Batch 40: Total=0.4948 | loss_classifier: 0.082 | loss_box_reg: 0.231 | loss_mask: 0.166 | loss_objectness: 0.005 | loss_rpn_box_reg: 0.010
  Batch 60: Total=0.1946 | loss_classifier: 0.034 | loss_box_reg: 0.068 | loss_mask: 0.088 | loss_objectness: 0.001 | loss_rpn_box_reg: 0.003
  Batch 80: Total=0.1064 | loss_classifier: 0.015 | loss_box_reg: 0.030 | loss_mask: 0.060 | loss_objectness: 0.000 | loss_rpn_box_reg: 0.000
  Batch 100: Total=0.1266 | loss_classifier: 0.017 | loss_box_reg: 0.044 | loss_mask: 0.061 | loss_objectness: 0.000 | loss_rpn_box_reg: 0.003
  Batch 120: Total=0.1276 | loss_classifier: 0.018 | loss_box_reg: 0.040 | loss_mask: 0.069 | loss_objectness: 0.000 | loss_rpn_box_reg: 0.000
  Batch 140: Total=0.1313 | loss_classifier: 0.013 | loss_box_reg: 0.031 | loss_mask: 0.085 | loss_objectness: 0.000 | loss_rpn_box_reg: 0.003
  Batch 160: Total=0.1202 | loss_classifier: 0.008 | loss_box_reg: 0.012 | loss_mask: 0.099 | loss_objectness: 0.001 | loss_rpn_box_reg: 0.001
  Batch 180: Total=0.0813 | loss_classifier: 0.004 | loss_box_reg: 0.025 | loss_mask: 0.049 | loss_objectness: 0.000 | loss_rpn_box_reg: 0.003
  Batch 200: Total=0.1535 | loss_classifier: 0.011 | loss_box_reg: 0.055 | loss_mask: 0.086 | loss_objectness: 0.000 | loss_rpn_box_reg: 0.000
  Batch 220: Total=0.0959 | loss_classifier: 0.012 | loss_box_reg: 0.023 | loss_mask: 0.060 | loss_objectness: 0.000 | loss_rpn_box_reg: 0.001
  Batch 240: Total=0.0819 | loss_classifier: 0.011 | loss_box_reg: 0.013 | loss_mask: 0.056 | loss_objectness: 0.001 | loss_rpn_box_reg: 0.001
  Batch 260: Total=0.1007 | loss_classifier: 0.004 | loss_box_reg: 0.030 | loss_mask: 0.067 | loss_objectness: 0.000 | loss_rpn_box_reg: 0.000
  Batch 280: Total=0.1510 | loss_classifier: 0.021 | loss_box_reg: 0.037 | loss_mask: 0.092 | loss_objectness: 0.000 | loss_rpn_box_reg: 0.000
  Batch 300: Total=0.1221 | loss_classifier: 0.014 | loss_box_reg: 0.030 | loss_mask: 0.077 | loss_objectness: 0.000 | loss_rpn_box_reg: 0.001
  Batch 320: Total=0.1212 | loss_classifier: 0.021 | loss_box_reg: 0.035 | loss_mask: 0.066 | loss_objectness: 0.000 | loss_rpn_box_reg: 0.000
  Batch 340: Total=0.1138 | loss_classifier: 0.008 | loss_box_reg: 0.043 | loss_mask: 0.059 | loss_objectness: 0.001 | loss_rpn_box_reg: 0.003
  Batch 360: Total=0.1735 | loss_classifier: 0.038 | loss_box_reg: 0.053 | loss_mask: 0.081 | loss_objectness: 0.000 | loss_rpn_box_reg: 0.001
  Batch 380: Total=0.1272 | loss_classifier: 0.028 | loss_box_reg: 0.023 | loss_mask: 0.064 | loss_objectness: 0.002 | loss_rpn_box_reg: 0.011
  Batch 400: Total=0.1898 | loss_classifier: 0.027 | loss_box_reg: 0.087 | loss_mask: 0.075 | loss_objectness: 0.000 | loss_rpn_box_reg: 0.001
Epoch 20 | Avg Loss: 0.1430 | LR: 0.000046

=== Epoch 21/100 ===
  Batch 20: Total=0.1777 | loss_classifier: 0.025 | loss_box_reg: 0.046 | loss_mask: 0.106 | loss_objectness: 0.000 | loss_rpn_box_reg: 0.001
  Batch 40: Total=0.1795 | loss_classifier: 0.020 | loss_box_reg: 0.067 | loss_mask: 0.092 | loss_objectness: 0.000 | loss_rpn_box_reg: 0.001
  Batch 60: Total=0.1095 | loss_classifier: 0.014 | loss_box_reg: 0.028 | loss_mask: 0.065 | loss_objectness: 0.000 | loss_rpn_box_reg: 0.002
  Batch 80: Total=0.0877 | loss_classifier: 0.012 | loss_box_reg: 0.016 | loss_mask: 0.054 | loss_objectness: 0.004 | loss_rpn_box_reg: 0.002
  Batch 100: Total=0.1140 | loss_classifier: 0.015 | loss_box_reg: 0.041 | loss_mask: 0.058 | loss_objectness: 0.000 | loss_rpn_box_reg: 0.001
  Batch 120: Total=0.1175 | loss_classifier: 0.008 | loss_box_reg: 0.030 | loss_mask: 0.078 | loss_objectness: 0.000 | loss_rpn_box_reg: 0.001
  Batch 140: Total=0.0897 | loss_classifier: 0.010 | loss_box_reg: 0.018 | loss_mask: 0.061 | loss_objectness: 0.000 | loss_rpn_box_reg: 0.001
  Batch 160: Total=0.1480 | loss_classifier: 0.027 | loss_box_reg: 0.042 | loss_mask: 0.075 | loss_objectness: 0.003 | loss_rpn_box_reg: 0.001
  Batch 180: Total=0.1211 | loss_classifier: 0.025 | loss_box_reg: 0.032 | loss_mask: 0.063 | loss_objectness: 0.000 | loss_rpn_box_reg: 0.001
  Batch 200: Total=0.1059 | loss_classifier: 0.011 | loss_box_reg: 0.027 | loss_mask: 0.067 | loss_objectness: 0.000 | loss_rpn_box_reg: 0.000
  Batch 220: Total=0.0933 | loss_classifier: 0.009 | loss_box_reg: 0.031 | loss_mask: 0.053 | loss_objectness: 0.000 | loss_rpn_box_reg: 0.001
  Batch 240: Total=0.1105 | loss_classifier: 0.027 | loss_box_reg: 0.019 | loss_mask: 0.062 | loss_objectness: 0.000 | loss_rpn_box_reg: 0.003
  Batch 260: Total=0.0933 | loss_classifier: 0.014 | loss_box_reg: 0.016 | loss_mask: 0.062 | loss_objectness: 0.000 | loss_rpn_box_reg: 0.001
  Batch 280: Total=0.1178 | loss_classifier: 0.028 | loss_box_reg: 0.022 | loss_mask: 0.067 | loss_objectness: 0.000 | loss_rpn_box_reg: 0.001
  Batch 300: Total=0.1921 | loss_classifier: 0.036 | loss_box_reg: 0.071 | loss_mask: 0.084 | loss_objectness: 0.000 | loss_rpn_box_reg: 0.001
  Batch 320: Total=0.0834 | loss_classifier: 0.006 | loss_box_reg: 0.010 | loss_mask: 0.053 | loss_objectness: 0.014 | loss_rpn_box_reg: 0.001
  Batch 340: Total=0.1452 | loss_classifier: 0.022 | loss_box_reg: 0.040 | loss_mask: 0.081 | loss_objectness: 0.000 | loss_rpn_box_reg: 0.002
  Batch 360: Total=0.0843 | loss_classifier: 0.012 | loss_box_reg: 0.014 | loss_mask: 0.058 | loss_objectness: 0.000 | loss_rpn_box_reg: 0.001
  Batch 380: Total=0.1201 | loss_classifier: 0.009 | loss_box_reg: 0.031 | loss_mask: 0.080 | loss_objectness: 0.000 | loss_rpn_box_reg: 0.000
  Batch 400: Total=0.1405 | loss_classifier: 0.019 | loss_box_reg: 0.039 | loss_mask: 0.080 | loss_objectness: 0.000 | loss_rpn_box_reg: 0.003
Epoch 21 | Avg Loss: 0.1382 | LR: 0.000046

=== Epoch 22/100 ===
  Batch 20: Total=0.1683 | loss_classifier: 0.036 | loss_box_reg: 0.067 | loss_mask: 0.063 | loss_objectness: 0.000 | loss_rpn_box_reg: 0.002
  Batch 40: Total=0.2156 | loss_classifier: 0.032 | loss_box_reg: 0.093 | loss_mask: 0.090 | loss_objectness: 0.000 | loss_rpn_box_reg: 0.002
  Batch 60: Total=0.1267 | loss_classifier: 0.015 | loss_box_reg: 0.048 | loss_mask: 0.063 | loss_objectness: 0.000 | loss_rpn_box_reg: 0.001
  Batch 80: Total=0.2261 | loss_classifier: 0.056 | loss_box_reg: 0.086 | loss_mask: 0.084 | loss_objectness: 0.000 | loss_rpn_box_reg: 0.001
  Batch 100: Total=0.1910 | loss_classifier: 0.043 | loss_box_reg: 0.060 | loss_mask: 0.086 | loss_objectness: 0.000 | loss_rpn_box_reg: 0.002
  Batch 120: Total=0.1086 | loss_classifier: 0.003 | loss_box_reg: 0.030 | loss_mask: 0.075 | loss_objectness: 0.000 | loss_rpn_box_reg: 0.000
  Batch 140: Total=0.1063 | loss_classifier: 0.012 | loss_box_reg: 0.016 | loss_mask: 0.077 | loss_objectness: 0.001 | loss_rpn_box_reg: 0.001
  Batch 160: Total=0.0725 | loss_classifier: 0.005 | loss_box_reg: 0.015 | loss_mask: 0.053 | loss_objectness: 0.000 | loss_rpn_box_reg: 0.000
  Batch 180: Total=0.0850 | loss_classifier: 0.012 | loss_box_reg: 0.015 | loss_mask: 0.058 | loss_objectness: 0.000 | loss_rpn_box_reg: 0.000
  Batch 200: Total=0.0861 | loss_classifier: 0.005 | loss_box_reg: 0.022 | loss_mask: 0.058 | loss_objectness: 0.000 | loss_rpn_box_reg: 0.000
  Batch 220: Total=0.0882 | loss_classifier: 0.009 | loss_box_reg: 0.016 | loss_mask: 0.063 | loss_objectness: 0.001 | loss_rpn_box_reg: 0.000
  Batch 240: Total=0.1023 | loss_classifier: 0.026 | loss_box_reg: 0.015 | loss_mask: 0.055 | loss_objectness: 0.000 | loss_rpn_box_reg: 0.006
  Batch 260: Total=0.0829 | loss_classifier: 0.009 | loss_box_reg: 0.022 | loss_mask: 0.051 | loss_objectness: 0.000 | loss_rpn_box_reg: 0.000
  Batch 280: Total=0.3139 | loss_classifier: 0.054 | loss_box_reg: 0.136 | loss_mask: 0.112 | loss_objectness: 0.002 | loss_rpn_box_reg: 0.010
  Batch 300: Total=0.1803 | loss_classifier: 0.015 | loss_box_reg: 0.030 | loss_mask: 0.131 | loss_objectness: 0.001 | loss_rpn_box_reg: 0.002
  Batch 320: Total=0.1127 | loss_classifier: 0.021 | loss_box_reg: 0.022 | loss_mask: 0.065 | loss_objectness: 0.002 | loss_rpn_box_reg: 0.002
  Batch 340: Total=0.1241 | loss_classifier: 0.015 | loss_box_reg: 0.032 | loss_mask: 0.074 | loss_objectness: 0.000 | loss_rpn_box_reg: 0.003
  Batch 360: Total=0.1295 | loss_classifier: 0.018 | loss_box_reg: 0.022 | loss_mask: 0.089 | loss_objectness: 0.000 | loss_rpn_box_reg: 0.001
  Batch 380: Total=0.1065 | loss_classifier: 0.012 | loss_box_reg: 0.031 | loss_mask: 0.061 | loss_objectness: 0.000 | loss_rpn_box_reg: 0.003
  Batch 400: Total=0.1136 | loss_classifier: 0.014 | loss_box_reg: 0.018 | loss_mask: 0.081 | loss_objectness: 0.000 | loss_rpn_box_reg: 0.001
Epoch 22 | Avg Loss: 0.1288 | LR: 0.000046

=== Epoch 23/100 ===
  Batch 20: Total=0.1095 | loss_classifier: 0.019 | loss_box_reg: 0.013 | loss_mask: 0.077 | loss_objectness: 0.000 | loss_rpn_box_reg: 0.001
  Batch 40: Total=0.0906 | loss_classifier: 0.010 | loss_box_reg: 0.018 | loss_mask: 0.061 | loss_objectness: 0.000 | loss_rpn_box_reg: 0.001
  Batch 60: Total=0.1410 | loss_classifier: 0.012 | loss_box_reg: 0.034 | loss_mask: 0.095 | loss_objectness: 0.000 | loss_rpn_box_reg: 0.000
  Batch 80: Total=0.0886 | loss_classifier: 0.006 | loss_box_reg: 0.012 | loss_mask: 0.065 | loss_objectness: 0.001 | loss_rpn_box_reg: 0.004
  Batch 100: Total=0.3398 | loss_classifier: 0.052 | loss_box_reg: 0.133 | loss_mask: 0.148 | loss_objectness: 0.001 | loss_rpn_box_reg: 0.007
  Batch 120: Total=0.1398 | loss_classifier: 0.007 | loss_box_reg: 0.024 | loss_mask: 0.109 | loss_objectness: 0.000 | loss_rpn_box_reg: 0.000
  Batch 140: Total=0.1089 | loss_classifier: 0.021 | loss_box_reg: 0.024 | loss_mask: 0.063 | loss_objectness: 0.000 | loss_rpn_box_reg: 0.000
  Batch 160: Total=0.0689 | loss_classifier: 0.006 | loss_box_reg: 0.014 | loss_mask: 0.049 | loss_objectness: 0.000 | loss_rpn_box_reg: 0.000
  Batch 180: Total=0.1714 | loss_classifier: 0.025 | loss_box_reg: 0.038 | loss_mask: 0.107 | loss_objectness: 0.000 | loss_rpn_box_reg: 0.001
  Batch 200: Total=0.1253 | loss_classifier: 0.006 | loss_box_reg: 0.041 | loss_mask: 0.072 | loss_objectness: 0.003 | loss_rpn_box_reg: 0.003
  Batch 220: Total=0.1080 | loss_classifier: 0.007 | loss_box_reg: 0.028 | loss_mask: 0.070 | loss_objectness: 0.000 | loss_rpn_box_reg: 0.003
  Batch 240: Total=0.1158 | loss_classifier: 0.012 | loss_box_reg: 0.032 | loss_mask: 0.071 | loss_objectness: 0.000 | loss_rpn_box_reg: 0.001
  Batch 260: Total=0.1291 | loss_classifier: 0.009 | loss_box_reg: 0.039 | loss_mask: 0.080 | loss_objectness: 0.000 | loss_rpn_box_reg: 0.001
  Batch 280: Total=0.0779 | loss_classifier: 0.005 | loss_box_reg: 0.012 | loss_mask: 0.060 | loss_objectness: 0.000 | loss_rpn_box_reg: 0.000
  Batch 300: Total=0.1361 | loss_classifier: 0.018 | loss_box_reg: 0.036 | loss_mask: 0.079 | loss_objectness: 0.000 | loss_rpn_box_reg: 0.003
  Batch 320: Total=0.0925 | loss_classifier: 0.009 | loss_box_reg: 0.021 | loss_mask: 0.059 | loss_objectness: 0.002 | loss_rpn_box_reg: 0.001
  Batch 340: Total=0.0914 | loss_classifier: 0.012 | loss_box_reg: 0.008 | loss_mask: 0.071 | loss_objectness: 0.000 | loss_rpn_box_reg: 0.000
  Batch 360: Total=0.0755 | loss_classifier: 0.001 | loss_box_reg: 0.013 | loss_mask: 0.061 | loss_objectness: 0.000 | loss_rpn_box_reg: 0.001
  Batch 380: Total=0.0852 | loss_classifier: 0.002 | loss_box_reg: 0.013 | loss_mask: 0.068 | loss_objectness: 0.001 | loss_rpn_box_reg: 0.001
  Batch 400: Total=0.0831 | loss_classifier: 0.008 | loss_box_reg: 0.014 | loss_mask: 0.055 | loss_objectness: 0.001 | loss_rpn_box_reg: 0.006
Epoch 23 | Avg Loss: 0.1209 | LR: 0.000045

=== Epoch 24/100 ===
  Batch 20: Total=0.0693 | loss_classifier: 0.003 | loss_box_reg: 0.012 | loss_mask: 0.055 | loss_objectness: 0.000 | loss_rpn_box_reg: 0.000
  Batch 40: Total=0.1780 | loss_classifier: 0.038 | loss_box_reg: 0.042 | loss_mask: 0.094 | loss_objectness: 0.001 | loss_rpn_box_reg: 0.003
  Batch 60: Total=0.1153 | loss_classifier: 0.013 | loss_box_reg: 0.027 | loss_mask: 0.074 | loss_objectness: 0.000 | loss_rpn_box_reg: 0.000
  Batch 80: Total=0.1550 | loss_classifier: 0.035 | loss_box_reg: 0.038 | loss_mask: 0.079 | loss_objectness: 0.000 | loss_rpn_box_reg: 0.003
  Batch 100: Total=0.0811 | loss_classifier: 0.001 | loss_box_reg: 0.014 | loss_mask: 0.065 | loss_objectness: 0.000 | loss_rpn_box_reg: 0.001
  Batch 120: Total=0.0677 | loss_classifier: 0.003 | loss_box_reg: 0.007 | loss_mask: 0.057 | loss_objectness: 0.000 | loss_rpn_box_reg: 0.001
  Batch 140: Total=0.0867 | loss_classifier: 0.015 | loss_box_reg: 0.012 | loss_mask: 0.060 | loss_objectness: 0.000 | loss_rpn_box_reg: 0.001
  Batch 160: Total=0.0872 | loss_classifier: 0.008 | loss_box_reg: 0.018 | loss_mask: 0.061 | loss_objectness: 0.000 | loss_rpn_box_reg: 0.001
  Batch 180: Total=0.0904 | loss_classifier: 0.015 | loss_box_reg: 0.020 | loss_mask: 0.050 | loss_objectness: 0.004 | loss_rpn_box_reg: 0.002
  Batch 200: Total=0.0924 | loss_classifier: 0.012 | loss_box_reg: 0.014 | loss_mask: 0.066 | loss_objectness: 0.000 | loss_rpn_box_reg: 0.000
  Batch 220: Total=0.1063 | loss_classifier: 0.021 | loss_box_reg: 0.027 | loss_mask: 0.057 | loss_objectness: 0.001 | loss_rpn_box_reg: 0.001
  Batch 240: Total=0.1141 | loss_classifier: 0.018 | loss_box_reg: 0.017 | loss_mask: 0.069 | loss_objectness: 0.001 | loss_rpn_box_reg: 0.008
  Batch 260: Total=0.0716 | loss_classifier: 0.007 | loss_box_reg: 0.011 | loss_mask: 0.053 | loss_objectness: 0.000 | loss_rpn_box_reg: 0.001
  Batch 280: Total=0.1252 | loss_classifier: 0.019 | loss_box_reg: 0.038 | loss_mask: 0.067 | loss_objectness: 0.000 | loss_rpn_box_reg: 0.000
  Batch 300: Total=0.0805 | loss_classifier: 0.008 | loss_box_reg: 0.016 | loss_mask: 0.057 | loss_objectness: 0.000 | loss_rpn_box_reg: 0.000
  Batch 320: Total=0.0859 | loss_classifier: 0.015 | loss_box_reg: 0.009 | loss_mask: 0.061 | loss_objectness: 0.000 | loss_rpn_box_reg: 0.000
  Batch 340: Total=0.1044 | loss_classifier: 0.019 | loss_box_reg: 0.020 | loss_mask: 0.063 | loss_objectness: 0.001 | loss_rpn_box_reg: 0.002
  Batch 360: Total=0.1002 | loss_classifier: 0.007 | loss_box_reg: 0.014 | loss_mask: 0.079 | loss_objectness: 0.000 | loss_rpn_box_reg: 0.000
  Batch 380: Total=0.0843 | loss_classifier: 0.007 | loss_box_reg: 0.018 | loss_mask: 0.058 | loss_objectness: 0.000 | loss_rpn_box_reg: 0.001
  Batch 400: Total=0.0910 | loss_classifier: 0.008 | loss_box_reg: 0.017 | loss_mask: 0.064 | loss_objectness: 0.000 | loss_rpn_box_reg: 0.002
Epoch 24 | Avg Loss: 0.1151 | LR: 0.000045

=== Epoch 25/100 ===
  Batch 20: Total=0.1523 | loss_classifier: 0.010 | loss_box_reg: 0.026 | loss_mask: 0.106 | loss_objectness: 0.009 | loss_rpn_box_reg: 0.001
  Batch 40: Total=0.0911 | loss_classifier: 0.014 | loss_box_reg: 0.017 | loss_mask: 0.060 | loss_objectness: 0.000 | loss_rpn_box_reg: 0.001
  Batch 60: Total=0.1380 | loss_classifier: 0.014 | loss_box_reg: 0.037 | loss_mask: 0.085 | loss_objectness: 0.001 | loss_rpn_box_reg: 0.001
  Batch 80: Total=0.1162 | loss_classifier: 0.006 | loss_box_reg: 0.009 | loss_mask: 0.100 | loss_objectness: 0.000 | loss_rpn_box_reg: 0.001
  Batch 100: Total=0.1779 | loss_classifier: 0.020 | loss_box_reg: 0.027 | loss_mask: 0.130 | loss_objectness: 0.000 | loss_rpn_box_reg: 0.001
  Batch 120: Total=0.1727 | loss_classifier: 0.028 | loss_box_reg: 0.063 | loss_mask: 0.079 | loss_objectness: 0.001 | loss_rpn_box_reg: 0.001
  Batch 140: Total=0.0784 | loss_classifier: 0.005 | loss_box_reg: 0.011 | loss_mask: 0.062 | loss_objectness: 0.000 | loss_rpn_box_reg: 0.000
  Batch 160: Total=0.1565 | loss_classifier: 0.005 | loss_box_reg: 0.026 | loss_mask: 0.046 | loss_objectness: 0.012 | loss_rpn_box_reg: 0.067
  Batch 180: Total=0.1065 | loss_classifier: 0.023 | loss_box_reg: 0.022 | loss_mask: 0.061 | loss_objectness: 0.000 | loss_rpn_box_reg: 0.000
  Batch 200: Total=0.1015 | loss_classifier: 0.015 | loss_box_reg: 0.029 | loss_mask: 0.056 | loss_objectness: 0.000 | loss_rpn_box_reg: 0.001
  Batch 220: Total=0.1054 | loss_classifier: 0.007 | loss_box_reg: 0.015 | loss_mask: 0.083 | loss_objectness: 0.000 | loss_rpn_box_reg: 0.000
  Batch 240: Total=0.1403 | loss_classifier: 0.023 | loss_box_reg: 0.033 | loss_mask: 0.083 | loss_objectness: 0.000 | loss_rpn_box_reg: 0.001
  Batch 260: Total=0.0954 | loss_classifier: 0.009 | loss_box_reg: 0.030 | loss_mask: 0.056 | loss_objectness: 0.000 | loss_rpn_box_reg: 0.001
  Batch 280: Total=0.1052 | loss_classifier: 0.017 | loss_box_reg: 0.031 | loss_mask: 0.057 | loss_objectness: 0.000 | loss_rpn_box_reg: 0.001
  Batch 300: Total=0.0996 | loss_classifier: 0.007 | loss_box_reg: 0.023 | loss_mask: 0.068 | loss_objectness: 0.000 | loss_rpn_box_reg: 0.002
  Batch 320: Total=0.0959 | loss_classifier: 0.010 | loss_box_reg: 0.017 | loss_mask: 0.068 | loss_objectness: 0.000 | loss_rpn_box_reg: 0.000
  Batch 340: Total=0.1521 | loss_classifier: 0.015 | loss_box_reg: 0.055 | loss_mask: 0.080 | loss_objectness: 0.000 | loss_rpn_box_reg: 0.002
  Batch 360: Total=0.0670 | loss_classifier: 0.001 | loss_box_reg: 0.009 | loss_mask: 0.054 | loss_objectness: 0.002 | loss_rpn_box_reg: 0.001
  Batch 380: Total=0.1383 | loss_classifier: 0.008 | loss_box_reg: 0.028 | loss_mask: 0.091 | loss_objectness: 0.009 | loss_rpn_box_reg: 0.001
  Batch 400: Total=0.1215 | loss_classifier: 0.014 | loss_box_reg: 0.024 | loss_mask: 0.072 | loss_objectness: 0.001 | loss_rpn_box_reg: 0.010
Epoch 25 | Avg Loss: 0.1147 | LR: 0.000044

=== Epoch 26/100 ===
  Batch 20: Total=0.0788 | loss_classifier: 0.008 | loss_box_reg: 0.020 | loss_mask: 0.048 | loss_objectness: 0.003 | loss_rpn_box_reg: 0.000
  Batch 40: Total=0.1082 | loss_classifier: 0.007 | loss_box_reg: 0.020 | loss_mask: 0.073 | loss_objectness: 0.000 | loss_rpn_box_reg: 0.008
  Batch 60: Total=0.1011 | loss_classifier: 0.014 | loss_box_reg: 0.012 | loss_mask: 0.074 | loss_objectness: 0.000 | loss_rpn_box_reg: 0.001
  Batch 80: Total=0.1461 | loss_classifier: 0.000 | loss_box_reg: 0.011 | loss_mask: 0.088 | loss_objectness: 0.019 | loss_rpn_box_reg: 0.028
  Batch 100: Total=0.1140 | loss_classifier: 0.018 | loss_box_reg: 0.028 | loss_mask: 0.064 | loss_objectness: 0.000 | loss_rpn_box_reg: 0.004
  Batch 120: Total=0.0909 | loss_classifier: 0.004 | loss_box_reg: 0.027 | loss_mask: 0.060 | loss_objectness: 0.000 | loss_rpn_box_reg: 0.000
  Batch 140: Total=0.0901 | loss_classifier: 0.013 | loss_box_reg: 0.013 | loss_mask: 0.063 | loss_objectness: 0.000 | loss_rpn_box_reg: 0.001
  Batch 160: Total=0.0867 | loss_classifier: 0.013 | loss_box_reg: 0.014 | loss_mask: 0.059 | loss_objectness: 0.000 | loss_rpn_box_reg: 0.000
  Batch 180: Total=0.2211 | loss_classifier: 0.040 | loss_box_reg: 0.075 | loss_mask: 0.097 | loss_objectness: 0.002 | loss_rpn_box_reg: 0.007
  Batch 200: Total=0.0822 | loss_classifier: 0.011 | loss_box_reg: 0.011 | loss_mask: 0.059 | loss_objectness: 0.000 | loss_rpn_box_reg: 0.001
  Batch 220: Total=0.0905 | loss_classifier: 0.001 | loss_box_reg: 0.013 | loss_mask: 0.067 | loss_objectness: 0.006 | loss_rpn_box_reg: 0.004
  Batch 240: Total=0.1795 | loss_classifier: 0.006 | loss_box_reg: 0.067 | loss_mask: 0.106 | loss_objectness: 0.000 | loss_rpn_box_reg: 0.001
  Batch 260: Total=0.1145 | loss_classifier: 0.012 | loss_box_reg: 0.026 | loss_mask: 0.076 | loss_objectness: 0.000 | loss_rpn_box_reg: 0.001
  Batch 280: Total=0.0880 | loss_classifier: 0.012 | loss_box_reg: 0.013 | loss_mask: 0.063 | loss_objectness: 0.000 | loss_rpn_box_reg: 0.000
  Batch 300: Total=0.0946 | loss_classifier: 0.017 | loss_box_reg: 0.022 | loss_mask: 0.055 | loss_objectness: 0.000 | loss_rpn_box_reg: 0.001
  Batch 320: Total=0.1073 | loss_classifier: 0.010 | loss_box_reg: 0.015 | loss_mask: 0.081 | loss_objectness: 0.000 | loss_rpn_box_reg: 0.001
  Batch 340: Total=0.0705 | loss_classifier: 0.005 | loss_box_reg: 0.012 | loss_mask: 0.053 | loss_objectness: 0.000 | loss_rpn_box_reg: 0.001
  Batch 360: Total=0.1100 | loss_classifier: 0.013 | loss_box_reg: 0.026 | loss_mask: 0.069 | loss_objectness: 0.001 | loss_rpn_box_reg: 0.002
  Batch 380: Total=0.0861 | loss_classifier: 0.009 | loss_box_reg: 0.019 | loss_mask: 0.058 | loss_objectness: 0.000 | loss_rpn_box_reg: 0.000
  Batch 400: Total=0.0931 | loss_classifier: 0.009 | loss_box_reg: 0.019 | loss_mask: 0.063 | loss_objectness: 0.000 | loss_rpn_box_reg: 0.002
Epoch 26 | Avg Loss: 0.1134 | LR: 0.000044

=== Epoch 27/100 ===
  Batch 20: Total=0.1731 | loss_classifier: 0.023 | loss_box_reg: 0.049 | loss_mask: 0.098 | loss_objectness: 0.000 | loss_rpn_box_reg: 0.002
  Batch 40: Total=0.0656 | loss_classifier: 0.002 | loss_box_reg: 0.007 | loss_mask: 0.056 | loss_objectness: 0.000 | loss_rpn_box_reg: 0.000
  Batch 60: Total=0.0769 | loss_classifier: 0.003 | loss_box_reg: 0.012 | loss_mask: 0.062 | loss_objectness: 0.000 | loss_rpn_box_reg: 0.001
  Batch 80: Total=0.0855 | loss_classifier: 0.012 | loss_box_reg: 0.017 | loss_mask: 0.056 | loss_objectness: 0.000 | loss_rpn_box_reg: 0.000
  Batch 100: Total=0.0741 | loss_classifier: 0.011 | loss_box_reg: 0.021 | loss_mask: 0.042 | loss_objectness: 0.000 | loss_rpn_box_reg: 0.000
  Batch 120: Total=0.1063 | loss_classifier: 0.015 | loss_box_reg: 0.033 | loss_mask: 0.057 | loss_objectness: 0.000 | loss_rpn_box_reg: 0.001
  Batch 140: Total=0.0878 | loss_classifier: 0.009 | loss_box_reg: 0.020 | loss_mask: 0.058 | loss_objectness: 0.000 | loss_rpn_box_reg: 0.000
  Batch 160: Total=0.0928 | loss_classifier: 0.009 | loss_box_reg: 0.023 | loss_mask: 0.060 | loss_objectness: 0.000 | loss_rpn_box_reg: 0.001
  Batch 180: Total=0.0888 | loss_classifier: 0.008 | loss_box_reg: 0.021 | loss_mask: 0.060 | loss_objectness: 0.000 | loss_rpn_box_reg: 0.001
  Batch 200: Total=0.0970 | loss_classifier: 0.007 | loss_box_reg: 0.020 | loss_mask: 0.068 | loss_objectness: 0.001 | loss_rpn_box_reg: 0.001
  Batch 220: Total=0.0659 | loss_classifier: 0.004 | loss_box_reg: 0.015 | loss_mask: 0.047 | loss_objectness: 0.000 | loss_rpn_box_reg: 0.001
  Batch 240: Total=0.0987 | loss_classifier: 0.010 | loss_box_reg: 0.023 | loss_mask: 0.064 | loss_objectness: 0.000 | loss_rpn_box_reg: 0.001
  Batch 260: Total=0.1428 | loss_classifier: 0.018 | loss_box_reg: 0.033 | loss_mask: 0.091 | loss_objectness: 0.000 | loss_rpn_box_reg: 0.001
  Batch 280: Total=0.1093 | loss_classifier: 0.006 | loss_box_reg: 0.031 | loss_mask: 0.071 | loss_objectness: 0.000 | loss_rpn_box_reg: 0.000
  Batch 300: Total=0.0909 | loss_classifier: 0.013 | loss_box_reg: 0.014 | loss_mask: 0.061 | loss_objectness: 0.000 | loss_rpn_box_reg: 0.003
  Batch 320: Total=0.0857 | loss_classifier: 0.012 | loss_box_reg: 0.023 | loss_mask: 0.050 | loss_objectness: 0.000 | loss_rpn_box_reg: 0.001
  Batch 340: Total=0.1192 | loss_classifier: 0.018 | loss_box_reg: 0.018 | loss_mask: 0.082 | loss_objectness: 0.000 | loss_rpn_box_reg: 0.001
  Batch 360: Total=0.1075 | loss_classifier: 0.005 | loss_box_reg: 0.006 | loss_mask: 0.094 | loss_objectness: 0.001 | loss_rpn_box_reg: 0.001
  Batch 380: Total=0.0844 | loss_classifier: 0.013 | loss_box_reg: 0.012 | loss_mask: 0.059 | loss_objectness: 0.000 | loss_rpn_box_reg: 0.001
  Batch 400: Total=0.0721 | loss_classifier: 0.003 | loss_box_reg: 0.009 | loss_mask: 0.060 | loss_objectness: 0.000 | loss_rpn_box_reg: 0.000
Epoch 27 | Avg Loss: 0.1068 | LR: 0.000043

=== Epoch 28/100 ===
  Batch 20: Total=0.1529 | loss_classifier: 0.017 | loss_box_reg: 0.037 | loss_mask: 0.097 | loss_objectness: 0.000 | loss_rpn_box_reg: 0.001
  Batch 40: Total=0.0788 | loss_classifier: 0.006 | loss_box_reg: 0.019 | loss_mask: 0.053 | loss_objectness: 0.000 | loss_rpn_box_reg: 0.001
  Batch 60: Total=0.0756 | loss_classifier: 0.003 | loss_box_reg: 0.010 | loss_mask: 0.060 | loss_objectness: 0.000 | loss_rpn_box_reg: 0.002
  Batch 80: Total=0.0985 | loss_classifier: 0.007 | loss_box_reg: 0.030 | loss_mask: 0.060 | loss_objectness: 0.000 | loss_rpn_box_reg: 0.001
  Batch 100: Total=0.0713 | loss_classifier: 0.001 | loss_box_reg: 0.013 | loss_mask: 0.057 | loss_objectness: 0.000 | loss_rpn_box_reg: 0.000
  Batch 120: Total=0.0691 | loss_classifier: 0.006 | loss_box_reg: 0.006 | loss_mask: 0.057 | loss_objectness: 0.000 | loss_rpn_box_reg: 0.000
  Batch 140: Total=0.0787 | loss_classifier: 0.004 | loss_box_reg: 0.018 | loss_mask: 0.053 | loss_objectness: 0.000 | loss_rpn_box_reg: 0.003
  Batch 160: Total=0.0864 | loss_classifier: 0.010 | loss_box_reg: 0.022 | loss_mask: 0.053 | loss_objectness: 0.000 | loss_rpn_box_reg: 0.001
  Batch 180: Total=0.1353 | loss_classifier: 0.023 | loss_box_reg: 0.040 | loss_mask: 0.072 | loss_objectness: 0.000 | loss_rpn_box_reg: 0.000
  Batch 200: Total=0.1157 | loss_classifier: 0.015 | loss_box_reg: 0.025 | loss_mask: 0.075 | loss_objectness: 0.000 | loss_rpn_box_reg: 0.001
  Batch 220: Total=0.0768 | loss_classifier: 0.006 | loss_box_reg: 0.009 | loss_mask: 0.062 | loss_objectness: 0.000 | loss_rpn_box_reg: 0.000
  Batch 240: Total=0.1174 | loss_classifier: 0.022 | loss_box_reg: 0.023 | loss_mask: 0.072 | loss_objectness: 0.000 | loss_rpn_box_reg: 0.001
  Batch 260: Total=0.0960 | loss_classifier: 0.004 | loss_box_reg: 0.021 | loss_mask: 0.069 | loss_objectness: 0.000 | loss_rpn_box_reg: 0.003
  Batch 280: Total=0.0600 | loss_classifier: 0.005 | loss_box_reg: 0.014 | loss_mask: 0.040 | loss_objectness: 0.000 | loss_rpn_box_reg: 0.000
  Batch 300: Total=0.0653 | loss_classifier: 0.004 | loss_box_reg: 0.013 | loss_mask: 0.046 | loss_objectness: 0.000 | loss_rpn_box_reg: 0.002
  Batch 320: Total=0.0999 | loss_classifier: 0.008 | loss_box_reg: 0.029 | loss_mask: 0.062 | loss_objectness: 0.000 | loss_rpn_box_reg: 0.001
  Batch 340: Total=0.0749 | loss_classifier: 0.002 | loss_box_reg: 0.012 | loss_mask: 0.058 | loss_objectness: 0.000 | loss_rpn_box_reg: 0.002
  Batch 360: Total=0.0857 | loss_classifier: 0.005 | loss_box_reg: 0.013 | loss_mask: 0.067 | loss_objectness: 0.000 | loss_rpn_box_reg: 0.000
  Batch 380: Total=0.1020 | loss_classifier: 0.008 | loss_box_reg: 0.036 | loss_mask: 0.056 | loss_objectness: 0.000 | loss_rpn_box_reg: 0.001
  Batch 400: Total=0.0915 | loss_classifier: 0.009 | loss_box_reg: 0.013 | loss_mask: 0.069 | loss_objectness: 0.000 | loss_rpn_box_reg: 0.000
Epoch 28 | Avg Loss: 0.1023 | LR: 0.000042

=== Epoch 29/100 ===
  Batch 20: Total=0.1364 | loss_classifier: 0.005 | loss_box_reg: 0.009 | loss_mask: 0.109 | loss_objectness: 0.000 | loss_rpn_box_reg: 0.013
  Batch 40: Total=0.1237 | loss_classifier: 0.008 | loss_box_reg: 0.004 | loss_mask: 0.084 | loss_objectness: 0.014 | loss_rpn_box_reg: 0.014
  Batch 60: Total=0.1070 | loss_classifier: 0.010 | loss_box_reg: 0.019 | loss_mask: 0.075 | loss_objectness: 0.001 | loss_rpn_box_reg: 0.002
  Batch 80: Total=0.0830 | loss_classifier: 0.004 | loss_box_reg: 0.010 | loss_mask: 0.066 | loss_objectness: 0.003 | loss_rpn_box_reg: 0.000
  Batch 100: Total=0.0668 | loss_classifier: 0.006 | loss_box_reg: 0.014 | loss_mask: 0.046 | loss_objectness: 0.000 | loss_rpn_box_reg: 0.000
  Batch 120: Total=0.1318 | loss_classifier: 0.022 | loss_box_reg: 0.045 | loss_mask: 0.064 | loss_objectness: 0.000 | loss_rpn_box_reg: 0.001
  Batch 140: Total=0.1075 | loss_classifier: 0.011 | loss_box_reg: 0.031 | loss_mask: 0.063 | loss_objectness: 0.000 | loss_rpn_box_reg: 0.002
  Batch 160: Total=0.0741 | loss_classifier: 0.006 | loss_box_reg: 0.013 | loss_mask: 0.055 | loss_objectness: 0.000 | loss_rpn_box_reg: 0.000
  Batch 180: Total=0.1661 | loss_classifier: 0.020 | loss_box_reg: 0.061 | loss_mask: 0.084 | loss_objectness: 0.000 | loss_rpn_box_reg: 0.001
  Batch 200: Total=0.0801 | loss_classifier: 0.010 | loss_box_reg: 0.011 | loss_mask: 0.058 | loss_objectness: 0.000 | loss_rpn_box_reg: 0.001
  Batch 220: Total=0.0851 | loss_classifier: 0.006 | loss_box_reg: 0.016 | loss_mask: 0.054 | loss_objectness: 0.002 | loss_rpn_box_reg: 0.006
  Batch 240: Total=0.1402 | loss_classifier: 0.024 | loss_box_reg: 0.027 | loss_mask: 0.084 | loss_objectness: 0.001 | loss_rpn_box_reg: 0.004
  Batch 260: Total=0.1061 | loss_classifier: 0.025 | loss_box_reg: 0.019 | loss_mask: 0.061 | loss_objectness: 0.000 | loss_rpn_box_reg: 0.000
  Batch 280: Total=0.1078 | loss_classifier: 0.006 | loss_box_reg: 0.026 | loss_mask: 0.068 | loss_objectness: 0.001 | loss_rpn_box_reg: 0.007
  Batch 300: Total=0.1435 | loss_classifier: 0.022 | loss_box_reg: 0.052 | loss_mask: 0.067 | loss_objectness: 0.001 | loss_rpn_box_reg: 0.002
  Batch 320: Total=0.0761 | loss_classifier: 0.015 | loss_box_reg: 0.014 | loss_mask: 0.046 | loss_objectness: 0.000 | loss_rpn_box_reg: 0.001
  Batch 340: Total=0.0859 | loss_classifier: 0.007 | loss_box_reg: 0.020 | loss_mask: 0.057 | loss_objectness: 0.000 | loss_rpn_box_reg: 0.001
  Batch 360: Total=0.1695 | loss_classifier: 0.007 | loss_box_reg: 0.065 | loss_mask: 0.091 | loss_objectness: 0.005 | loss_rpn_box_reg: 0.001
  Batch 380: Total=0.1044 | loss_classifier: 0.010 | loss_box_reg: 0.016 | loss_mask: 0.075 | loss_objectness: 0.001 | loss_rpn_box_reg: 0.001
  Batch 400: Total=0.0887 | loss_classifier: 0.006 | loss_box_reg: 0.008 | loss_mask: 0.075 | loss_objectness: 0.000 | loss_rpn_box_reg: 0.000
Epoch 29 | Avg Loss: 0.1031 | LR: 0.000042

=== Epoch 30/100 ===
  Batch 20: Total=0.0870 | loss_classifier: 0.014 | loss_box_reg: 0.015 | loss_mask: 0.057 | loss_objectness: 0.000 | loss_rpn_box_reg: 0.001
  Batch 40: Total=0.0976 | loss_classifier: 0.012 | loss_box_reg: 0.011 | loss_mask: 0.075 | loss_objectness: 0.000 | loss_rpn_box_reg: 0.000
  Batch 60: Total=0.1018 | loss_classifier: 0.006 | loss_box_reg: 0.033 | loss_mask: 0.062 | loss_objectness: 0.000 | loss_rpn_box_reg: 0.001
  Batch 80: Total=0.0812 | loss_classifier: 0.008 | loss_box_reg: 0.017 | loss_mask: 0.056 | loss_objectness: 0.000 | loss_rpn_box_reg: 0.000
  Batch 100: Total=0.0843 | loss_classifier: 0.012 | loss_box_reg: 0.015 | loss_mask: 0.055 | loss_objectness: 0.000 | loss_rpn_box_reg: 0.003
  Batch 120: Total=0.0790 | loss_classifier: 0.003 | loss_box_reg: 0.021 | loss_mask: 0.054 | loss_objectness: 0.000 | loss_rpn_box_reg: 0.000
  Batch 140: Total=0.0948 | loss_classifier: 0.017 | loss_box_reg: 0.020 | loss_mask: 0.056 | loss_objectness: 0.000 | loss_rpn_box_reg: 0.001
  Batch 160: Total=0.0764 | loss_classifier: 0.006 | loss_box_reg: 0.008 | loss_mask: 0.062 | loss_objectness: 0.000 | loss_rpn_box_reg: 0.001
  Batch 180: Total=0.0842 | loss_classifier: 0.007 | loss_box_reg: 0.023 | loss_mask: 0.054 | loss_objectness: 0.000 | loss_rpn_box_reg: 0.000
  Batch 200: Total=0.0784 | loss_classifier: 0.007 | loss_box_reg: 0.012 | loss_mask: 0.058 | loss_objectness: 0.000 | loss_rpn_box_reg: 0.001
  Batch 220: Total=0.0888 | loss_classifier: 0.006 | loss_box_reg: 0.017 | loss_mask: 0.066 | loss_objectness: 0.000 | loss_rpn_box_reg: 0.000
  Batch 240: Total=0.0745 | loss_classifier: 0.006 | loss_box_reg: 0.015 | loss_mask: 0.053 | loss_objectness: 0.000 | loss_rpn_box_reg: 0.001
  Batch 260: Total=0.0697 | loss_classifier: 0.008 | loss_box_reg: 0.010 | loss_mask: 0.052 | loss_objectness: 0.000 | loss_rpn_box_reg: 0.000
  Batch 280: Total=0.1915 | loss_classifier: 0.041 | loss_box_reg: 0.071 | loss_mask: 0.078 | loss_objectness: 0.000 | loss_rpn_box_reg: 0.002
  Batch 300: Total=0.0617 | loss_classifier: 0.005 | loss_box_reg: 0.015 | loss_mask: 0.041 | loss_objectness: 0.000 | loss_rpn_box_reg: 0.000
  Batch 320: Total=0.0882 | loss_classifier: 0.006 | loss_box_reg: 0.015 | loss_mask: 0.063 | loss_objectness: 0.000 | loss_rpn_box_reg: 0.003
  Batch 340: Total=0.0886 | loss_classifier: 0.009 | loss_box_reg: 0.019 | loss_mask: 0.060 | loss_objectness: 0.000 | loss_rpn_box_reg: 0.001
  Batch 360: Total=0.0952 | loss_classifier: 0.022 | loss_box_reg: 0.009 | loss_mask: 0.063 | loss_objectness: 0.000 | loss_rpn_box_reg: 0.001
  Batch 380: Total=0.0997 | loss_classifier: 0.006 | loss_box_reg: 0.023 | loss_mask: 0.068 | loss_objectness: 0.000 | loss_rpn_box_reg: 0.002
  Batch 400: Total=0.1144 | loss_classifier: 0.002 | loss_box_reg: 0.024 | loss_mask: 0.088 | loss_objectness: 0.000 | loss_rpn_box_reg: 0.000
Epoch 30 | Avg Loss: 0.1001 | LR: 0.000041

=== Epoch 31/100 ===
  Batch 20: Total=0.0794 | loss_classifier: 0.009 | loss_box_reg: 0.020 | loss_mask: 0.050 | loss_objectness: 0.000 | loss_rpn_box_reg: 0.001
  Batch 40: Total=0.0660 | loss_classifier: 0.003 | loss_box_reg: 0.005 | loss_mask: 0.054 | loss_objectness: 0.000 | loss_rpn_box_reg: 0.003
  Batch 60: Total=0.0674 | loss_classifier: 0.006 | loss_box_reg: 0.010 | loss_mask: 0.052 | loss_objectness: 0.000 | loss_rpn_box_reg: 0.000
  Batch 80: Total=0.0905 | loss_classifier: 0.020 | loss_box_reg: 0.010 | loss_mask: 0.060 | loss_objectness: 0.000 | loss_rpn_box_reg: 0.000
  Batch 100: Total=0.1261 | loss_classifier: 0.012 | loss_box_reg: 0.014 | loss_mask: 0.100 | loss_objectness: 0.000 | loss_rpn_box_reg: 0.000
  Batch 120: Total=0.0770 | loss_classifier: 0.007 | loss_box_reg: 0.007 | loss_mask: 0.062 | loss_objectness: 0.000 | loss_rpn_box_reg: 0.000
  Batch 140: Total=0.1862 | loss_classifier: 0.035 | loss_box_reg: 0.060 | loss_mask: 0.086 | loss_objectness: 0.002 | loss_rpn_box_reg: 0.003
  Batch 160: Total=0.0767 | loss_classifier: 0.006 | loss_box_reg: 0.012 | loss_mask: 0.058 | loss_objectness: 0.000 | loss_rpn_box_reg: 0.000
  Batch 180: Total=0.1130 | loss_classifier: 0.021 | loss_box_reg: 0.032 | loss_mask: 0.060 | loss_objectness: 0.000 | loss_rpn_box_reg: 0.000
  Batch 200: Total=0.1258 | loss_classifier: 0.011 | loss_box_reg: 0.042 | loss_mask: 0.071 | loss_objectness: 0.000 | loss_rpn_box_reg: 0.001
  Batch 220: Total=0.0938 | loss_classifier: 0.006 | loss_box_reg: 0.014 | loss_mask: 0.061 | loss_objectness: 0.012 | loss_rpn_box_reg: 0.001
  Batch 240: Total=0.0926 | loss_classifier: 0.015 | loss_box_reg: 0.017 | loss_mask: 0.056 | loss_objectness: 0.003 | loss_rpn_box_reg: 0.002
  Batch 260: Total=0.0899 | loss_classifier: 0.009 | loss_box_reg: 0.026 | loss_mask: 0.053 | loss_objectness: 0.000 | loss_rpn_box_reg: 0.001
  Batch 280: Total=0.0685 | loss_classifier: 0.001 | loss_box_reg: 0.006 | loss_mask: 0.061 | loss_objectness: 0.000 | loss_rpn_box_reg: 0.000
  Batch 300: Total=0.0583 | loss_classifier: 0.004 | loss_box_reg: 0.007 | loss_mask: 0.047 | loss_objectness: 0.000 | loss_rpn_box_reg: 0.000
  Batch 320: Total=0.0907 | loss_classifier: 0.007 | loss_box_reg: 0.012 | loss_mask: 0.064 | loss_objectness: 0.008 | loss_rpn_box_reg: 0.000
  Batch 340: Total=0.0747 | loss_classifier: 0.005 | loss_box_reg: 0.011 | loss_mask: 0.058 | loss_objectness: 0.000 | loss_rpn_box_reg: 0.000
  Batch 360: Total=0.0948 | loss_classifier: 0.013 | loss_box_reg: 0.022 | loss_mask: 0.059 | loss_objectness: 0.000 | loss_rpn_box_reg: 0.001
  Batch 380: Total=0.0720 | loss_classifier: 0.003 | loss_box_reg: 0.015 | loss_mask: 0.054 | loss_objectness: 0.000 | loss_rpn_box_reg: 0.000
  Batch 400: Total=0.1215 | loss_classifier: 0.010 | loss_box_reg: 0.049 | loss_mask: 0.060 | loss_objectness: 0.000 | loss_rpn_box_reg: 0.003
Epoch 31 | Avg Loss: 0.0976 | LR: 0.000041

=== Epoch 32/100 ===
  Batch 20: Total=0.0885 | loss_classifier: 0.012 | loss_box_reg: 0.016 | loss_mask: 0.060 | loss_objectness: 0.000 | loss_rpn_box_reg: 0.001
  Batch 40: Total=0.1304 | loss_classifier: 0.009 | loss_box_reg: 0.051 | loss_mask: 0.070 | loss_objectness: 0.000 | loss_rpn_box_reg: 0.001
  Batch 60: Total=0.1022 | loss_classifier: 0.013 | loss_box_reg: 0.024 | loss_mask: 0.064 | loss_objectness: 0.000 | loss_rpn_box_reg: 0.001
  Batch 80: Total=0.0853 | loss_classifier: 0.016 | loss_box_reg: 0.015 | loss_mask: 0.054 | loss_objectness: 0.000 | loss_rpn_box_reg: 0.000
  Batch 100: Total=0.0997 | loss_classifier: 0.009 | loss_box_reg: 0.038 | loss_mask: 0.052 | loss_objectness: 0.000 | loss_rpn_box_reg: 0.000
  Batch 120: Total=0.1127 | loss_classifier: 0.019 | loss_box_reg: 0.033 | loss_mask: 0.057 | loss_objectness: 0.002 | loss_rpn_box_reg: 0.000
  Batch 140: Total=0.1199 | loss_classifier: 0.017 | loss_box_reg: 0.045 | loss_mask: 0.058 | loss_objectness: 0.000 | loss_rpn_box_reg: 0.000
  Batch 160: Total=0.0679 | loss_classifier: 0.006 | loss_box_reg: 0.012 | loss_mask: 0.050 | loss_objectness: 0.000 | loss_rpn_box_reg: 0.000
  Batch 180: Total=0.0757 | loss_classifier: 0.012 | loss_box_reg: 0.008 | loss_mask: 0.056 | loss_objectness: 0.000 | loss_rpn_box_reg: 0.000
  Batch 200: Total=0.0815 | loss_classifier: 0.011 | loss_box_reg: 0.017 | loss_mask: 0.053 | loss_objectness: 0.000 | loss_rpn_box_reg: 0.001
  Batch 220: Total=0.0680 | loss_classifier: 0.005 | loss_box_reg: 0.010 | loss_mask: 0.049 | loss_objectness: 0.000 | loss_rpn_box_reg: 0.003
  Batch 240: Total=0.0819 | loss_classifier: 0.011 | loss_box_reg: 0.014 | loss_mask: 0.055 | loss_objectness: 0.001 | loss_rpn_box_reg: 0.000
  Batch 260: Total=0.0950 | loss_classifier: 0.014 | loss_box_reg: 0.018 | loss_mask: 0.062 | loss_objectness: 0.000 | loss_rpn_box_reg: 0.000
  Batch 280: Total=0.1020 | loss_classifier: 0.010 | loss_box_reg: 0.026 | loss_mask: 0.064 | loss_objectness: 0.000 | loss_rpn_box_reg: 0.002
  Batch 300: Total=0.0800 | loss_classifier: 0.006 | loss_box_reg: 0.010 | loss_mask: 0.063 | loss_objectness: 0.000 | loss_rpn_box_reg: 0.001
  Batch 320: Total=0.0774 | loss_classifier: 0.002 | loss_box_reg: 0.014 | loss_mask: 0.060 | loss_objectness: 0.001 | loss_rpn_box_reg: 0.001
  Batch 340: Total=0.1306 | loss_classifier: 0.017 | loss_box_reg: 0.029 | loss_mask: 0.082 | loss_objectness: 0.001 | loss_rpn_box_reg: 0.003
  Batch 360: Total=0.0837 | loss_classifier: 0.006 | loss_box_reg: 0.013 | loss_mask: 0.064 | loss_objectness: 0.000 | loss_rpn_box_reg: 0.000
  Batch 380: Total=0.0759 | loss_classifier: 0.005 | loss_box_reg: 0.010 | loss_mask: 0.059 | loss_objectness: 0.000 | loss_rpn_box_reg: 0.002
  Batch 400: Total=0.0937 | loss_classifier: 0.004 | loss_box_reg: 0.016 | loss_mask: 0.067 | loss_objectness: 0.008 | loss_rpn_box_reg: 0.000
Epoch 32 | Avg Loss: 0.0959 | LR: 0.000040

=== Epoch 33/100 ===
  Batch 20: Total=0.1263 | loss_classifier: 0.013 | loss_box_reg: 0.029 | loss_mask: 0.083 | loss_objectness: 0.000 | loss_rpn_box_reg: 0.001
  Batch 40: Total=0.0791 | loss_classifier: 0.005 | loss_box_reg: 0.019 | loss_mask: 0.054 | loss_objectness: 0.000 | loss_rpn_box_reg: 0.001
  Batch 60: Total=0.0964 | loss_classifier: 0.011 | loss_box_reg: 0.010 | loss_mask: 0.072 | loss_objectness: 0.000 | loss_rpn_box_reg: 0.004
  Batch 80: Total=0.0633 | loss_classifier: 0.002 | loss_box_reg: 0.007 | loss_mask: 0.053 | loss_objectness: 0.000 | loss_rpn_box_reg: 0.000
  Batch 100: Total=0.0657 | loss_classifier: 0.005 | loss_box_reg: 0.012 | loss_mask: 0.048 | loss_objectness: 0.000 | loss_rpn_box_reg: 0.001
  Batch 120: Total=0.0846 | loss_classifier: 0.011 | loss_box_reg: 0.015 | loss_mask: 0.057 | loss_objectness: 0.000 | loss_rpn_box_reg: 0.001
  Batch 140: Total=0.0723 | loss_classifier: 0.008 | loss_box_reg: 0.007 | loss_mask: 0.057 | loss_objectness: 0.000 | loss_rpn_box_reg: 0.000
  Batch 160: Total=0.0554 | loss_classifier: 0.004 | loss_box_reg: 0.012 | loss_mask: 0.039 | loss_objectness: 0.000 | loss_rpn_box_reg: 0.001
  Batch 180: Total=0.1098 | loss_classifier: 0.013 | loss_box_reg: 0.037 | loss_mask: 0.058 | loss_objectness: 0.000 | loss_rpn_box_reg: 0.001
  Batch 200: Total=0.0842 | loss_classifier: 0.013 | loss_box_reg: 0.015 | loss_mask: 0.057 | loss_objectness: 0.000 | loss_rpn_box_reg: 0.000
  Batch 220: Total=0.0889 | loss_classifier: 0.010 | loss_box_reg: 0.013 | loss_mask: 0.066 | loss_objectness: 0.000 | loss_rpn_box_reg: 0.000
  Batch 240: Total=0.1140 | loss_classifier: 0.019 | loss_box_reg: 0.033 | loss_mask: 0.058 | loss_objectness: 0.000 | loss_rpn_box_reg: 0.003
  Batch 260: Total=0.0777 | loss_classifier: 0.012 | loss_box_reg: 0.016 | loss_mask: 0.049 | loss_objectness: 0.000 | loss_rpn_box_reg: 0.000
  Batch 280: Total=0.0753 | loss_classifier: 0.010 | loss_box_reg: 0.009 | loss_mask: 0.056 | loss_objectness: 0.000 | loss_rpn_box_reg: 0.000
  Batch 300: Total=0.1088 | loss_classifier: 0.008 | loss_box_reg: 0.009 | loss_mask: 0.091 | loss_objectness: 0.000 | loss_rpn_box_reg: 0.001
  Batch 320: Total=0.2367 | loss_classifier: 0.037 | loss_box_reg: 0.109 | loss_mask: 0.089 | loss_objectness: 0.001 | loss_rpn_box_reg: 0.001
  Batch 340: Total=0.0980 | loss_classifier: 0.011 | loss_box_reg: 0.021 | loss_mask: 0.064 | loss_objectness: 0.001 | loss_rpn_box_reg: 0.001
  Batch 360: Total=0.0856 | loss_classifier: 0.006 | loss_box_reg: 0.017 | loss_mask: 0.062 | loss_objectness: 0.000 | loss_rpn_box_reg: 0.000
  Batch 380: Total=0.0817 | loss_classifier: 0.004 | loss_box_reg: 0.014 | loss_mask: 0.064 | loss_objectness: 0.000 | loss_rpn_box_reg: 0.000
  Batch 400: Total=0.0768 | loss_classifier: 0.002 | loss_box_reg: 0.021 | loss_mask: 0.053 | loss_objectness: 0.000 | loss_rpn_box_reg: 0.001
Epoch 33 | Avg Loss: 0.0937 | LR: 0.000039

=== Epoch 34/100 ===
  Batch 20: Total=0.0613 | loss_classifier: 0.001 | loss_box_reg: 0.006 | loss_mask: 0.054 | loss_objectness: 0.000 | loss_rpn_box_reg: 0.000
  Batch 40: Total=0.1149 | loss_classifier: 0.011 | loss_box_reg: 0.026 | loss_mask: 0.076 | loss_objectness: 0.001 | loss_rpn_box_reg: 0.001
  Batch 60: Total=0.0683 | loss_classifier: 0.005 | loss_box_reg: 0.008 | loss_mask: 0.055 | loss_objectness: 0.000 | loss_rpn_box_reg: 0.000
  Batch 80: Total=0.1278 | loss_classifier: 0.020 | loss_box_reg: 0.039 | loss_mask: 0.069 | loss_objectness: 0.000 | loss_rpn_box_reg: 0.000
  Batch 100: Total=0.0710 | loss_classifier: 0.004 | loss_box_reg: 0.013 | loss_mask: 0.053 | loss_objectness: 0.000 | loss_rpn_box_reg: 0.001
  Batch 120: Total=0.0795 | loss_classifier: 0.010 | loss_box_reg: 0.017 | loss_mask: 0.051 | loss_objectness: 0.000 | loss_rpn_box_reg: 0.000
  Batch 140: Total=0.1143 | loss_classifier: 0.008 | loss_box_reg: 0.045 | loss_mask: 0.060 | loss_objectness: 0.000 | loss_rpn_box_reg: 0.001
  Batch 160: Total=0.0794 | loss_classifier: 0.002 | loss_box_reg: 0.010 | loss_mask: 0.066 | loss_objectness: 0.000 | loss_rpn_box_reg: 0.001
  Batch 180: Total=0.0595 | loss_classifier: 0.002 | loss_box_reg: 0.004 | loss_mask: 0.053 | loss_objectness: 0.000 | loss_rpn_box_reg: 0.000
  Batch 200: Total=0.1215 | loss_classifier: 0.008 | loss_box_reg: 0.020 | loss_mask: 0.094 | loss_objectness: 0.000 | loss_rpn_box_reg: 0.000
  Batch 220: Total=0.0991 | loss_classifier: 0.013 | loss_box_reg: 0.012 | loss_mask: 0.069 | loss_objectness: 0.000 | loss_rpn_box_reg: 0.005
  Batch 240: Total=0.0726 | loss_classifier: 0.005 | loss_box_reg: 0.011 | loss_mask: 0.056 | loss_objectness: 0.000 | loss_rpn_box_reg: 0.000
  Batch 260: Total=0.1461 | loss_classifier: 0.023 | loss_box_reg: 0.057 | loss_mask: 0.062 | loss_objectness: 0.001 | loss_rpn_box_reg: 0.003
  Batch 280: Total=0.1196 | loss_classifier: 0.019 | loss_box_reg: 0.034 | loss_mask: 0.066 | loss_objectness: 0.000 | loss_rpn_box_reg: 0.000
  Batch 300: Total=0.0839 | loss_classifier: 0.013 | loss_box_reg: 0.013 | loss_mask: 0.057 | loss_objectness: 0.000 | loss_rpn_box_reg: 0.000
  Batch 320: Total=0.0641 | loss_classifier: 0.004 | loss_box_reg: 0.007 | loss_mask: 0.053 | loss_objectness: 0.000 | loss_rpn_box_reg: 0.000
  Batch 340: Total=0.1577 | loss_classifier: 0.037 | loss_box_reg: 0.047 | loss_mask: 0.073 | loss_objectness: 0.000 | loss_rpn_box_reg: 0.001
  Batch 360: Total=0.0583 | loss_classifier: 0.001 | loss_box_reg: 0.008 | loss_mask: 0.049 | loss_objectness: 0.000 | loss_rpn_box_reg: 0.000
  Batch 380: Total=0.0914 | loss_classifier: 0.005 | loss_box_reg: 0.017 | loss_mask: 0.068 | loss_objectness: 0.000 | loss_rpn_box_reg: 0.000
  Batch 400: Total=0.1281 | loss_classifier: 0.019 | loss_box_reg: 0.032 | loss_mask: 0.076 | loss_objectness: 0.000 | loss_rpn_box_reg: 0.001
Epoch 34 | Avg Loss: 0.0924 | LR: 0.000039

=== Epoch 35/100 ===
  Batch 20: Total=0.1505 | loss_classifier: 0.032 | loss_box_reg: 0.055 | loss_mask: 0.062 | loss_objectness: 0.001 | loss_rpn_box_reg: 0.001
  Batch 40: Total=0.0601 | loss_classifier: 0.011 | loss_box_reg: 0.007 | loss_mask: 0.042 | loss_objectness: 0.000 | loss_rpn_box_reg: 0.000
  Batch 60: Total=0.0700 | loss_classifier: 0.002 | loss_box_reg: 0.016 | loss_mask: 0.051 | loss_objectness: 0.000 | loss_rpn_box_reg: 0.000
  Batch 80: Total=0.0599 | loss_classifier: 0.002 | loss_box_reg: 0.008 | loss_mask: 0.050 | loss_objectness: 0.000 | loss_rpn_box_reg: 0.000
  Batch 100: Total=0.0767 | loss_classifier: 0.014 | loss_box_reg: 0.010 | loss_mask: 0.053 | loss_objectness: 0.000 | loss_rpn_box_reg: 0.000
  Batch 120: Total=0.0707 | loss_classifier: 0.001 | loss_box_reg: 0.014 | loss_mask: 0.055 | loss_objectness: 0.000 | loss_rpn_box_reg: 0.000
  Batch 140: Total=0.1583 | loss_classifier: 0.007 | loss_box_reg: 0.014 | loss_mask: 0.134 | loss_objectness: 0.000 | loss_rpn_box_reg: 0.003
  Batch 160: Total=0.0596 | loss_classifier: 0.004 | loss_box_reg: 0.012 | loss_mask: 0.043 | loss_objectness: 0.000 | loss_rpn_box_reg: 0.000
  Batch 180: Total=0.1113 | loss_classifier: 0.013 | loss_box_reg: 0.040 | loss_mask: 0.057 | loss_objectness: 0.000 | loss_rpn_box_reg: 0.001
  Batch 200: Total=0.0635 | loss_classifier: 0.004 | loss_box_reg: 0.009 | loss_mask: 0.050 | loss_objectness: 0.000 | loss_rpn_box_reg: 0.000
  Batch 220: Total=0.0810 | loss_classifier: 0.007 | loss_box_reg: 0.015 | loss_mask: 0.057 | loss_objectness: 0.000 | loss_rpn_box_reg: 0.002
  Batch 240: Total=0.1086 | loss_classifier: 0.009 | loss_box_reg: 0.018 | loss_mask: 0.076 | loss_objectness: 0.001 | loss_rpn_box_reg: 0.005
  Batch 260: Total=0.1099 | loss_classifier: 0.010 | loss_box_reg: 0.018 | loss_mask: 0.081 | loss_objectness: 0.000 | loss_rpn_box_reg: 0.000
  Batch 280: Total=0.0723 | loss_classifier: 0.003 | loss_box_reg: 0.011 | loss_mask: 0.058 | loss_objectness: 0.000 | loss_rpn_box_reg: 0.000
  Batch 300: Total=0.0851 | loss_classifier: 0.012 | loss_box_reg: 0.022 | loss_mask: 0.050 | loss_objectness: 0.000 | loss_rpn_box_reg: 0.001
  Batch 320: Total=0.0742 | loss_classifier: 0.004 | loss_box_reg: 0.010 | loss_mask: 0.050 | loss_objectness: 0.009 | loss_rpn_box_reg: 0.001
  Batch 340: Total=0.0718 | loss_classifier: 0.009 | loss_box_reg: 0.008 | loss_mask: 0.050 | loss_objectness: 0.003 | loss_rpn_box_reg: 0.001
  Batch 360: Total=0.0962 | loss_classifier: 0.017 | loss_box_reg: 0.011 | loss_mask: 0.068 | loss_objectness: 0.000 | loss_rpn_box_reg: 0.001
  Batch 380: Total=0.1201 | loss_classifier: 0.014 | loss_box_reg: 0.029 | loss_mask: 0.075 | loss_objectness: 0.001 | loss_rpn_box_reg: 0.001
  Batch 400: Total=0.1267 | loss_classifier: 0.018 | loss_box_reg: 0.027 | loss_mask: 0.070 | loss_objectness: 0.011 | loss_rpn_box_reg: 0.001
Epoch 35 | Avg Loss: 0.0893 | LR: 0.000038

=== Epoch 36/100 ===
  Batch 20: Total=0.0918 | loss_classifier: 0.009 | loss_box_reg: 0.022 | loss_mask: 0.060 | loss_objectness: 0.000 | loss_rpn_box_reg: 0.001
  Batch 40: Total=0.0654 | loss_classifier: 0.002 | loss_box_reg: 0.005 | loss_mask: 0.059 | loss_objectness: 0.000 | loss_rpn_box_reg: 0.000
  Batch 60: Total=0.0741 | loss_classifier: 0.008 | loss_box_reg: 0.009 | loss_mask: 0.057 | loss_objectness: 0.000 | loss_rpn_box_reg: 0.000
  Batch 80: Total=0.0558 | loss_classifier: 0.003 | loss_box_reg: 0.006 | loss_mask: 0.045 | loss_objectness: 0.001 | loss_rpn_box_reg: 0.001
  Batch 100: Total=0.1002 | loss_classifier: 0.001 | loss_box_reg: 0.006 | loss_mask: 0.091 | loss_objectness: 0.000 | loss_rpn_box_reg: 0.001
  Batch 120: Total=0.0723 | loss_classifier: 0.002 | loss_box_reg: 0.014 | loss_mask: 0.056 | loss_objectness: 0.000 | loss_rpn_box_reg: 0.000
  Batch 140: Total=0.0680 | loss_classifier: 0.005 | loss_box_reg: 0.006 | loss_mask: 0.056 | loss_objectness: 0.000 | loss_rpn_box_reg: 0.001
  Batch 160: Total=0.1158 | loss_classifier: 0.009 | loss_box_reg: 0.011 | loss_mask: 0.094 | loss_objectness: 0.000 | loss_rpn_box_reg: 0.001
  Batch 180: Total=0.0656 | loss_classifier: 0.007 | loss_box_reg: 0.015 | loss_mask: 0.043 | loss_objectness: 0.000 | loss_rpn_box_reg: 0.000
  Batch 200: Total=0.0862 | loss_classifier: 0.005 | loss_box_reg: 0.016 | loss_mask: 0.064 | loss_objectness: 0.000 | loss_rpn_box_reg: 0.000
  Batch 220: Total=0.0682 | loss_classifier: 0.004 | loss_box_reg: 0.011 | loss_mask: 0.053 | loss_objectness: 0.000 | loss_rpn_box_reg: 0.000
  Batch 240: Total=0.0974 | loss_classifier: 0.012 | loss_box_reg: 0.021 | loss_mask: 0.064 | loss_objectness: 0.000 | loss_rpn_box_reg: 0.001
  Batch 260: Total=0.0759 | loss_classifier: 0.008 | loss_box_reg: 0.010 | loss_mask: 0.057 | loss_objectness: 0.000 | loss_rpn_box_reg: 0.000
  Batch 280: Total=0.0821 | loss_classifier: 0.012 | loss_box_reg: 0.022 | loss_mask: 0.049 | loss_objectness: 0.000 | loss_rpn_box_reg: 0.000
  Batch 300: Total=0.0857 | loss_classifier: 0.017 | loss_box_reg: 0.014 | loss_mask: 0.054 | loss_objectness: 0.000 | loss_rpn_box_reg: 0.000
  Batch 320: Total=0.0524 | loss_classifier: 0.003 | loss_box_reg: 0.004 | loss_mask: 0.045 | loss_objectness: 0.000 | loss_rpn_box_reg: 0.001
  Batch 340: Total=0.1627 | loss_classifier: 0.010 | loss_box_reg: 0.047 | loss_mask: 0.103 | loss_objectness: 0.000 | loss_rpn_box_reg: 0.003
  Batch 360: Total=0.0820 | loss_classifier: 0.010 | loss_box_reg: 0.011 | loss_mask: 0.061 | loss_objectness: 0.000 | loss_rpn_box_reg: 0.000
  Batch 380: Total=0.2733 | loss_classifier: 0.040 | loss_box_reg: 0.108 | loss_mask: 0.114 | loss_objectness: 0.001 | loss_rpn_box_reg: 0.011
  Batch 400: Total=0.1115 | loss_classifier: 0.011 | loss_box_reg: 0.034 | loss_mask: 0.065 | loss_objectness: 0.000 | loss_rpn_box_reg: 0.001
Epoch 36 | Avg Loss: 0.0862 | LR: 0.000037

=== Epoch 37/100 ===
  Batch 20: Total=0.1014 | loss_classifier: 0.018 | loss_box_reg: 0.024 | loss_mask: 0.059 | loss_objectness: 0.000 | loss_rpn_box_reg: 0.001
  Batch 40: Total=0.1125 | loss_classifier: 0.017 | loss_box_reg: 0.015 | loss_mask: 0.079 | loss_objectness: 0.000 | loss_rpn_box_reg: 0.001
  Batch 60: Total=0.0847 | loss_classifier: 0.005 | loss_box_reg: 0.013 | loss_mask: 0.066 | loss_objectness: 0.000 | loss_rpn_box_reg: 0.000
  Batch 80: Total=0.0592 | loss_classifier: 0.002 | loss_box_reg: 0.011 | loss_mask: 0.045 | loss_objectness: 0.000 | loss_rpn_box_reg: 0.000
  Batch 100: Total=0.0938 | loss_classifier: 0.012 | loss_box_reg: 0.019 | loss_mask: 0.062 | loss_objectness: 0.000 | loss_rpn_box_reg: 0.001
  Batch 120: Total=0.0848 | loss_classifier: 0.004 | loss_box_reg: 0.011 | loss_mask: 0.069 | loss_objectness: 0.000 | loss_rpn_box_reg: 0.001
  Batch 140: Total=0.0551 | loss_classifier: 0.002 | loss_box_reg: 0.007 | loss_mask: 0.045 | loss_objectness: 0.000 | loss_rpn_box_reg: 0.000
  Batch 160: Total=0.1020 | loss_classifier: 0.007 | loss_box_reg: 0.014 | loss_mask: 0.081 | loss_objectness: 0.000 | loss_rpn_box_reg: 0.001
  Batch 180: Total=0.1226 | loss_classifier: 0.015 | loss_box_reg: 0.040 | loss_mask: 0.067 | loss_objectness: 0.001 | loss_rpn_box_reg: 0.001
  Batch 200: Total=0.0835 | loss_classifier: 0.008 | loss_box_reg: 0.017 | loss_mask: 0.058 | loss_objectness: 0.000 | loss_rpn_box_reg: 0.000
  Batch 220: Total=0.0648 | loss_classifier: 0.003 | loss_box_reg: 0.011 | loss_mask: 0.048 | loss_objectness: 0.000 | loss_rpn_box_reg: 0.002
  Batch 240: Total=0.0808 | loss_classifier: 0.006 | loss_box_reg: 0.012 | loss_mask: 0.062 | loss_objectness: 0.000 | loss_rpn_box_reg: 0.000
  Batch 260: Total=0.0929 | loss_classifier: 0.014 | loss_box_reg: 0.020 | loss_mask: 0.058 | loss_objectness: 0.000 | loss_rpn_box_reg: 0.001
  Batch 280: Total=0.1124 | loss_classifier: 0.012 | loss_box_reg: 0.028 | loss_mask: 0.071 | loss_objectness: 0.000 | loss_rpn_box_reg: 0.002
  Batch 300: Total=0.0770 | loss_classifier: 0.005 | loss_box_reg: 0.019 | loss_mask: 0.053 | loss_objectness: 0.000 | loss_rpn_box_reg: 0.001
  Batch 320: Total=0.0613 | loss_classifier: 0.003 | loss_box_reg: 0.006 | loss_mask: 0.051 | loss_objectness: 0.000 | loss_rpn_box_reg: 0.001
  Batch 340: Total=0.0653 | loss_classifier: 0.002 | loss_box_reg: 0.007 | loss_mask: 0.055 | loss_objectness: 0.000 | loss_rpn_box_reg: 0.001
  Batch 360: Total=0.0588 | loss_classifier: 0.004 | loss_box_reg: 0.010 | loss_mask: 0.045 | loss_objectness: 0.000 | loss_rpn_box_reg: 0.000
  Batch 380: Total=0.0725 | loss_classifier: 0.008 | loss_box_reg: 0.011 | loss_mask: 0.052 | loss_objectness: 0.000 | loss_rpn_box_reg: 0.002
  Batch 400: Total=0.0822 | loss_classifier: 0.014 | loss_box_reg: 0.017 | loss_mask: 0.051 | loss_objectness: 0.000 | loss_rpn_box_reg: 0.000
Epoch 37 | Avg Loss: 0.0863 | LR: 0.000037

=== Epoch 38/100 ===
  Batch 20: Total=0.0663 | loss_classifier: 0.006 | loss_box_reg: 0.011 | loss_mask: 0.049 | loss_objectness: 0.000 | loss_rpn_box_reg: 0.000
  Batch 40: Total=0.0774 | loss_classifier: 0.004 | loss_box_reg: 0.004 | loss_mask: 0.066 | loss_objectness: 0.003 | loss_rpn_box_reg: 0.001
  Batch 60: Total=0.1045 | loss_classifier: 0.003 | loss_box_reg: 0.010 | loss_mask: 0.091 | loss_objectness: 0.000 | loss_rpn_box_reg: 0.000
  Batch 80: Total=0.1127 | loss_classifier: 0.016 | loss_box_reg: 0.031 | loss_mask: 0.064 | loss_objectness: 0.000 | loss_rpn_box_reg: 0.001
  Batch 100: Total=0.1138 | loss_classifier: 0.009 | loss_box_reg: 0.026 | loss_mask: 0.074 | loss_objectness: 0.000 | loss_rpn_box_reg: 0.005
  Batch 120: Total=0.0865 | loss_classifier: 0.007 | loss_box_reg: 0.012 | loss_mask: 0.067 | loss_objectness: 0.000 | loss_rpn_box_reg: 0.000
  Batch 140: Total=0.0811 | loss_classifier: 0.019 | loss_box_reg: 0.011 | loss_mask: 0.051 | loss_objectness: 0.000 | loss_rpn_box_reg: 0.000
  Batch 160: Total=0.0651 | loss_classifier: 0.007 | loss_box_reg: 0.014 | loss_mask: 0.044 | loss_objectness: 0.000 | loss_rpn_box_reg: 0.000
  Batch 180: Total=0.0730 | loss_classifier: 0.008 | loss_box_reg: 0.011 | loss_mask: 0.053 | loss_objectness: 0.000 | loss_rpn_box_reg: 0.000
  Batch 200: Total=0.0510 | loss_classifier: 0.002 | loss_box_reg: 0.005 | loss_mask: 0.044 | loss_objectness: 0.000 | loss_rpn_box_reg: 0.000
  Batch 220: Total=0.1155 | loss_classifier: 0.016 | loss_box_reg: 0.020 | loss_mask: 0.080 | loss_objectness: 0.000 | loss_rpn_box_reg: 0.000
  Batch 240: Total=0.0625 | loss_classifier: 0.002 | loss_box_reg: 0.009 | loss_mask: 0.051 | loss_objectness: 0.000 | loss_rpn_box_reg: 0.000
  Batch 260: Total=0.0983 | loss_classifier: 0.021 | loss_box_reg: 0.020 | loss_mask: 0.056 | loss_objectness: 0.001 | loss_rpn_box_reg: 0.001
  Batch 280: Total=0.0669 | loss_classifier: 0.004 | loss_box_reg: 0.008 | loss_mask: 0.053 | loss_objectness: 0.000 | loss_rpn_box_reg: 0.000
  Batch 300: Total=0.0699 | loss_classifier: 0.003 | loss_box_reg: 0.013 | loss_mask: 0.054 | loss_objectness: 0.000 | loss_rpn_box_reg: 0.000
  Batch 320: Total=0.0745 | loss_classifier: 0.012 | loss_box_reg: 0.012 | loss_mask: 0.050 | loss_objectness: 0.000 | loss_rpn_box_reg: 0.000
  Batch 340: Total=0.0845 | loss_classifier: 0.018 | loss_box_reg: 0.013 | loss_mask: 0.051 | loss_objectness: 0.000 | loss_rpn_box_reg: 0.002
  Batch 360: Total=0.0716 | loss_classifier: 0.003 | loss_box_reg: 0.015 | loss_mask: 0.054 | loss_objectness: 0.000 | loss_rpn_box_reg: 0.001
  Batch 380: Total=0.0637 | loss_classifier: 0.011 | loss_box_reg: 0.008 | loss_mask: 0.044 | loss_objectness: 0.000 | loss_rpn_box_reg: 0.000
  Batch 400: Total=0.0654 | loss_classifier: 0.007 | loss_box_reg: 0.007 | loss_mask: 0.051 | loss_objectness: 0.000 | loss_rpn_box_reg: 0.000
Epoch 38 | Avg Loss: 0.0865 | LR: 0.000036

=== Epoch 39/100 ===
  Batch 20: Total=0.1252 | loss_classifier: 0.005 | loss_box_reg: 0.008 | loss_mask: 0.072 | loss_objectness: 0.001 | loss_rpn_box_reg: 0.039
  Batch 40: Total=0.1343 | loss_classifier: 0.021 | loss_box_reg: 0.030 | loss_mask: 0.080 | loss_objectness: 0.000 | loss_rpn_box_reg: 0.003
  Batch 60: Total=0.0732 | loss_classifier: 0.005 | loss_box_reg: 0.009 | loss_mask: 0.058 | loss_objectness: 0.000 | loss_rpn_box_reg: 0.000
  Batch 80: Total=0.0825 | loss_classifier: 0.005 | loss_box_reg: 0.019 | loss_mask: 0.058 | loss_objectness: 0.000 | loss_rpn_box_reg: 0.001
  Batch 100: Total=0.0870 | loss_classifier: 0.013 | loss_box_reg: 0.016 | loss_mask: 0.058 | loss_objectness: 0.000 | loss_rpn_box_reg: 0.000
  Batch 120: Total=0.0744 | loss_classifier: 0.009 | loss_box_reg: 0.005 | loss_mask: 0.060 | loss_objectness: 0.000 | loss_rpn_box_reg: 0.001
  Batch 140: Total=0.0721 | loss_classifier: 0.008 | loss_box_reg: 0.007 | loss_mask: 0.057 | loss_objectness: 0.000 | loss_rpn_box_reg: 0.000
  Batch 160: Total=0.0920 | loss_classifier: 0.005 | loss_box_reg: 0.023 | loss_mask: 0.063 | loss_objectness: 0.000 | loss_rpn_box_reg: 0.001
  Batch 180: Total=0.0617 | loss_classifier: 0.004 | loss_box_reg: 0.005 | loss_mask: 0.052 | loss_objectness: 0.001 | loss_rpn_box_reg: 0.000
  Batch 200: Total=0.0840 | loss_classifier: 0.006 | loss_box_reg: 0.019 | loss_mask: 0.058 | loss_objectness: 0.000 | loss_rpn_box_reg: 0.001
  Batch 220: Total=0.0585 | loss_classifier: 0.002 | loss_box_reg: 0.007 | loss_mask: 0.048 | loss_objectness: 0.000 | loss_rpn_box_reg: 0.000
  Batch 240: Total=0.0943 | loss_classifier: 0.001 | loss_box_reg: 0.016 | loss_mask: 0.075 | loss_objectness: 0.001 | loss_rpn_box_reg: 0.000
  Batch 260: Total=0.1396 | loss_classifier: 0.012 | loss_box_reg: 0.043 | loss_mask: 0.081 | loss_objectness: 0.000 | loss_rpn_box_reg: 0.003
  Batch 280: Total=0.0844 | loss_classifier: 0.005 | loss_box_reg: 0.007 | loss_mask: 0.071 | loss_objectness: 0.000 | loss_rpn_box_reg: 0.001
  Batch 300: Total=0.1514 | loss_classifier: 0.033 | loss_box_reg: 0.038 | loss_mask: 0.077 | loss_objectness: 0.000 | loss_rpn_box_reg: 0.002
  Batch 320: Total=0.0520 | loss_classifier: 0.004 | loss_box_reg: 0.008 | loss_mask: 0.040 | loss_objectness: 0.000 | loss_rpn_box_reg: 0.000
  Batch 340: Total=0.0571 | loss_classifier: 0.001 | loss_box_reg: 0.009 | loss_mask: 0.047 | loss_objectness: 0.000 | loss_rpn_box_reg: 0.000
  Batch 360: Total=0.0722 | loss_classifier: 0.000 | loss_box_reg: 0.009 | loss_mask: 0.063 | loss_objectness: 0.000 | loss_rpn_box_reg: 0.000
  Batch 380: Total=0.0969 | loss_classifier: 0.012 | loss_box_reg: 0.019 | loss_mask: 0.066 | loss_objectness: 0.000 | loss_rpn_box_reg: 0.001
  Batch 400: Total=0.0646 | loss_classifier: 0.007 | loss_box_reg: 0.007 | loss_mask: 0.050 | loss_objectness: 0.000 | loss_rpn_box_reg: 0.000
Epoch 39 | Avg Loss: 0.0830 | LR: 0.000035

=== Epoch 40/100 ===
  Batch 20: Total=0.0598 | loss_classifier: 0.008 | loss_box_reg: 0.009 | loss_mask: 0.043 | loss_objectness: 0.000 | loss_rpn_box_reg: 0.000
  Batch 40: Total=0.0717 | loss_classifier: 0.004 | loss_box_reg: 0.011 | loss_mask: 0.056 | loss_objectness: 0.000 | loss_rpn_box_reg: 0.000
  Batch 60: Total=0.0975 | loss_classifier: 0.007 | loss_box_reg: 0.013 | loss_mask: 0.077 | loss_objectness: 0.000 | loss_rpn_box_reg: 0.001
  Batch 80: Total=0.0852 | loss_classifier: 0.009 | loss_box_reg: 0.013 | loss_mask: 0.055 | loss_objectness: 0.006 | loss_rpn_box_reg: 0.002
  Batch 100: Total=0.0716 | loss_classifier: 0.007 | loss_box_reg: 0.014 | loss_mask: 0.049 | loss_objectness: 0.000 | loss_rpn_box_reg: 0.000
  Batch 120: Total=0.0867 | loss_classifier: 0.016 | loss_box_reg: 0.019 | loss_mask: 0.050 | loss_objectness: 0.000 | loss_rpn_box_reg: 0.001
  Batch 140: Total=0.0869 | loss_classifier: 0.004 | loss_box_reg: 0.010 | loss_mask: 0.072 | loss_objectness: 0.000 | loss_rpn_box_reg: 0.001
  Batch 160: Total=0.0822 | loss_classifier: 0.002 | loss_box_reg: 0.004 | loss_mask: 0.075 | loss_objectness: 0.000 | loss_rpn_box_reg: 0.001
  Batch 180: Total=0.1043 | loss_classifier: 0.021 | loss_box_reg: 0.024 | loss_mask: 0.058 | loss_objectness: 0.000 | loss_rpn_box_reg: 0.001
  Batch 200: Total=0.0620 | loss_classifier: 0.003 | loss_box_reg: 0.008 | loss_mask: 0.051 | loss_objectness: 0.000 | loss_rpn_box_reg: 0.000
  Batch 220: Total=0.0738 | loss_classifier: 0.004 | loss_box_reg: 0.007 | loss_mask: 0.062 | loss_objectness: 0.000 | loss_rpn_box_reg: 0.000
  Batch 240: Total=0.0563 | loss_classifier: 0.004 | loss_box_reg: 0.011 | loss_mask: 0.040 | loss_objectness: 0.000 | loss_rpn_box_reg: 0.001
  Batch 260: Total=0.0579 | loss_classifier: 0.001 | loss_box_reg: 0.005 | loss_mask: 0.051 | loss_objectness: 0.000 | loss_rpn_box_reg: 0.000
  Batch 280: Total=0.0753 | loss_classifier: 0.007 | loss_box_reg: 0.008 | loss_mask: 0.060 | loss_objectness: 0.000 | loss_rpn_box_reg: 0.000
  Batch 300: Total=0.0659 | loss_classifier: 0.004 | loss_box_reg: 0.008 | loss_mask: 0.054 | loss_objectness: 0.000 | loss_rpn_box_reg: 0.000
  Batch 320: Total=0.0626 | loss_classifier: 0.006 | loss_box_reg: 0.006 | loss_mask: 0.050 | loss_objectness: 0.000 | loss_rpn_box_reg: 0.000
  Batch 340: Total=0.0829 | loss_classifier: 0.006 | loss_box_reg: 0.008 | loss_mask: 0.069 | loss_objectness: 0.000 | loss_rpn_box_reg: 0.000
  Batch 360: Total=0.0904 | loss_classifier: 0.006 | loss_box_reg: 0.021 | loss_mask: 0.062 | loss_objectness: 0.000 | loss_rpn_box_reg: 0.000
  Batch 380: Total=0.0663 | loss_classifier: 0.007 | loss_box_reg: 0.012 | loss_mask: 0.047 | loss_objectness: 0.000 | loss_rpn_box_reg: 0.001
  Batch 400: Total=0.0727 | loss_classifier: 0.007 | loss_box_reg: 0.014 | loss_mask: 0.050 | loss_objectness: 0.000 | loss_rpn_box_reg: 0.000
Epoch 40 | Avg Loss: 0.0814 | LR: 0.000034

=== Epoch 41/100 ===
  Batch 20: Total=0.0789 | loss_classifier: 0.004 | loss_box_reg: 0.009 | loss_mask: 0.066 | loss_objectness: 0.000 | loss_rpn_box_reg: 0.000
  Batch 40: Total=0.0636 | loss_classifier: 0.002 | loss_box_reg: 0.010 | loss_mask: 0.051 | loss_objectness: 0.000 | loss_rpn_box_reg: 0.001
  Batch 60: Total=0.0841 | loss_classifier: 0.004 | loss_box_reg: 0.020 | loss_mask: 0.059 | loss_objectness: 0.000 | loss_rpn_box_reg: 0.000
  Batch 80: Total=0.0533 | loss_classifier: 0.002 | loss_box_reg: 0.007 | loss_mask: 0.044 | loss_objectness: 0.000 | loss_rpn_box_reg: 0.000
  Batch 100: Total=0.0571 | loss_classifier: 0.001 | loss_box_reg: 0.003 | loss_mask: 0.052 | loss_objectness: 0.000 | loss_rpn_box_reg: 0.000
  Batch 120: Total=0.1069 | loss_classifier: 0.015 | loss_box_reg: 0.029 | loss_mask: 0.062 | loss_objectness: 0.000 | loss_rpn_box_reg: 0.001
  Batch 140: Total=0.1248 | loss_classifier: 0.015 | loss_box_reg: 0.044 | loss_mask: 0.063 | loss_objectness: 0.000 | loss_rpn_box_reg: 0.002
  Batch 160: Total=0.1009 | loss_classifier: 0.007 | loss_box_reg: 0.036 | loss_mask: 0.057 | loss_objectness: 0.000 | loss_rpn_box_reg: 0.000
  Batch 180: Total=0.0743 | loss_classifier: 0.005 | loss_box_reg: 0.014 | loss_mask: 0.054 | loss_objectness: 0.000 | loss_rpn_box_reg: 0.001
  Batch 200: Total=0.0667 | loss_classifier: 0.005 | loss_box_reg: 0.013 | loss_mask: 0.048 | loss_objectness: 0.000 | loss_rpn_box_reg: 0.000
  Batch 220: Total=0.0691 | loss_classifier: 0.002 | loss_box_reg: 0.009 | loss_mask: 0.058 | loss_objectness: 0.000 | loss_rpn_box_reg: 0.000
  Batch 240: Total=0.0698 | loss_classifier: 0.008 | loss_box_reg: 0.007 | loss_mask: 0.050 | loss_objectness: 0.003 | loss_rpn_box_reg: 0.001
  Batch 260: Total=0.0591 | loss_classifier: 0.012 | loss_box_reg: 0.005 | loss_mask: 0.041 | loss_objectness: 0.000 | loss_rpn_box_reg: 0.001
  Batch 280: Total=0.0621 | loss_classifier: 0.003 | loss_box_reg: 0.004 | loss_mask: 0.054 | loss_objectness: 0.000 | loss_rpn_box_reg: 0.000
  Batch 300: Total=0.1116 | loss_classifier: 0.013 | loss_box_reg: 0.015 | loss_mask: 0.082 | loss_objectness: 0.000 | loss_rpn_box_reg: 0.000
  Batch 320: Total=0.0718 | loss_classifier: 0.007 | loss_box_reg: 0.012 | loss_mask: 0.052 | loss_objectness: 0.000 | loss_rpn_box_reg: 0.000
  Batch 340: Total=0.0686 | loss_classifier: 0.004 | loss_box_reg: 0.006 | loss_mask: 0.058 | loss_objectness: 0.000 | loss_rpn_box_reg: 0.001
  Batch 360: Total=0.0799 | loss_classifier: 0.004 | loss_box_reg: 0.015 | loss_mask: 0.061 | loss_objectness: 0.000 | loss_rpn_box_reg: 0.001
  Batch 380: Total=0.1541 | loss_classifier: 0.012 | loss_box_reg: 0.014 | loss_mask: 0.110 | loss_objectness: 0.010 | loss_rpn_box_reg: 0.008
  Batch 400: Total=0.0858 | loss_classifier: 0.005 | loss_box_reg: 0.009 | loss_mask: 0.071 | loss_objectness: 0.000 | loss_rpn_box_reg: 0.001
Epoch 41 | Avg Loss: 0.0800 | LR: 0.000034

=== Epoch 42/100 ===
  Batch 20: Total=0.1510 | loss_classifier: 0.011 | loss_box_reg: 0.053 | loss_mask: 0.086 | loss_objectness: 0.000 | loss_rpn_box_reg: 0.001
  Batch 40: Total=0.0686 | loss_classifier: 0.006 | loss_box_reg: 0.014 | loss_mask: 0.048 | loss_objectness: 0.000 | loss_rpn_box_reg: 0.001
  Batch 60: Total=0.0710 | loss_classifier: 0.010 | loss_box_reg: 0.008 | loss_mask: 0.052 | loss_objectness: 0.000 | loss_rpn_box_reg: 0.000
  Batch 80: Total=0.0994 | loss_classifier: 0.006 | loss_box_reg: 0.031 | loss_mask: 0.061 | loss_objectness: 0.000 | loss_rpn_box_reg: 0.001
  Batch 100: Total=0.0774 | loss_classifier: 0.009 | loss_box_reg: 0.012 | loss_mask: 0.056 | loss_objectness: 0.000 | loss_rpn_box_reg: 0.000
  Batch 120: Total=0.0835 | loss_classifier: 0.009 | loss_box_reg: 0.015 | loss_mask: 0.058 | loss_objectness: 0.000 | loss_rpn_box_reg: 0.002
  Batch 140: Total=0.0787 | loss_classifier: 0.006 | loss_box_reg: 0.013 | loss_mask: 0.059 | loss_objectness: 0.000 | loss_rpn_box_reg: 0.000
  Batch 160: Total=0.0599 | loss_classifier: 0.002 | loss_box_reg: 0.011 | loss_mask: 0.046 | loss_objectness: 0.000 | loss_rpn_box_reg: 0.001
  Batch 180: Total=0.1228 | loss_classifier: 0.021 | loss_box_reg: 0.039 | loss_mask: 0.062 | loss_objectness: 0.000 | loss_rpn_box_reg: 0.000
  Batch 200: Total=0.0646 | loss_classifier: 0.007 | loss_box_reg: 0.010 | loss_mask: 0.048 | loss_objectness: 0.000 | loss_rpn_box_reg: 0.000
  Batch 220: Total=0.0677 | loss_classifier: 0.005 | loss_box_reg: 0.010 | loss_mask: 0.053 | loss_objectness: 0.000 | loss_rpn_box_reg: 0.000
  Batch 240: Total=0.0659 | loss_classifier: 0.004 | loss_box_reg: 0.009 | loss_mask: 0.052 | loss_objectness: 0.000 | loss_rpn_box_reg: 0.000
  Batch 260: Total=0.0947 | loss_classifier: 0.020 | loss_box_reg: 0.023 | loss_mask: 0.052 | loss_objectness: 0.000 | loss_rpn_box_reg: 0.000
  Batch 280: Total=0.0570 | loss_classifier: 0.002 | loss_box_reg: 0.007 | loss_mask: 0.048 | loss_objectness: 0.000 | loss_rpn_box_reg: 0.001
  Batch 300: Total=0.0774 | loss_classifier: 0.011 | loss_box_reg: 0.022 | loss_mask: 0.043 | loss_objectness: 0.000 | loss_rpn_box_reg: 0.001
  Batch 320: Total=0.0684 | loss_classifier: 0.004 | loss_box_reg: 0.006 | loss_mask: 0.058 | loss_objectness: 0.000 | loss_rpn_box_reg: 0.000
  Batch 340: Total=0.0602 | loss_classifier: 0.005 | loss_box_reg: 0.010 | loss_mask: 0.044 | loss_objectness: 0.000 | loss_rpn_box_reg: 0.000
  Batch 360: Total=0.0715 | loss_classifier: 0.004 | loss_box_reg: 0.009 | loss_mask: 0.058 | loss_objectness: 0.000 | loss_rpn_box_reg: 0.000
  Batch 380: Total=0.0941 | loss_classifier: 0.009 | loss_box_reg: 0.009 | loss_mask: 0.075 | loss_objectness: 0.000 | loss_rpn_box_reg: 0.001
  Batch 400: Total=0.0781 | loss_classifier: 0.003 | loss_box_reg: 0.011 | loss_mask: 0.064 | loss_objectness: 0.000 | loss_rpn_box_reg: 0.000
Epoch 42 | Avg Loss: 0.0796 | LR: 0.000033

=== Epoch 43/100 ===
  Batch 20: Total=0.0743 | loss_classifier: 0.010 | loss_box_reg: 0.011 | loss_mask: 0.052 | loss_objectness: 0.000 | loss_rpn_box_reg: 0.000
  Batch 40: Total=0.0829 | loss_classifier: 0.018 | loss_box_reg: 0.007 | loss_mask: 0.057 | loss_objectness: 0.000 | loss_rpn_box_reg: 0.000
  Batch 60: Total=0.0713 | loss_classifier: 0.005 | loss_box_reg: 0.009 | loss_mask: 0.056 | loss_objectness: 0.000 | loss_rpn_box_reg: 0.000
  Batch 80: Total=0.0808 | loss_classifier: 0.005 | loss_box_reg: 0.013 | loss_mask: 0.060 | loss_objectness: 0.000 | loss_rpn_box_reg: 0.002
  Batch 100: Total=0.0912 | loss_classifier: 0.007 | loss_box_reg: 0.019 | loss_mask: 0.064 | loss_objectness: 0.000 | loss_rpn_box_reg: 0.001
  Batch 120: Total=0.0665 | loss_classifier: 0.002 | loss_box_reg: 0.010 | loss_mask: 0.054 | loss_objectness: 0.001 | loss_rpn_box_reg: 0.001
  Batch 140: Total=0.1006 | loss_classifier: 0.006 | loss_box_reg: 0.026 | loss_mask: 0.067 | loss_objectness: 0.000 | loss_rpn_box_reg: 0.001
  Batch 160: Total=0.1067 | loss_classifier: 0.015 | loss_box_reg: 0.013 | loss_mask: 0.078 | loss_objectness: 0.000 | loss_rpn_box_reg: 0.000
  Batch 180: Total=0.0698 | loss_classifier: 0.005 | loss_box_reg: 0.005 | loss_mask: 0.059 | loss_objectness: 0.000 | loss_rpn_box_reg: 0.001
  Batch 200: Total=0.0835 | loss_classifier: 0.009 | loss_box_reg: 0.015 | loss_mask: 0.059 | loss_objectness: 0.000 | loss_rpn_box_reg: 0.000
  Batch 220: Total=0.0603 | loss_classifier: 0.001 | loss_box_reg: 0.010 | loss_mask: 0.048 | loss_objectness: 0.000 | loss_rpn_box_reg: 0.001
  Batch 240: Total=0.1085 | loss_classifier: 0.013 | loss_box_reg: 0.009 | loss_mask: 0.086 | loss_objectness: 0.000 | loss_rpn_box_reg: 0.001
  Batch 260: Total=0.0820 | loss_classifier: 0.016 | loss_box_reg: 0.010 | loss_mask: 0.056 | loss_objectness: 0.000 | loss_rpn_box_reg: 0.000
  Batch 280: Total=0.0555 | loss_classifier: 0.004 | loss_box_reg: 0.004 | loss_mask: 0.047 | loss_objectness: 0.000 | loss_rpn_box_reg: 0.000
  Batch 300: Total=0.1353 | loss_classifier: 0.007 | loss_box_reg: 0.015 | loss_mask: 0.104 | loss_objectness: 0.001 | loss_rpn_box_reg: 0.008
  Batch 320: Total=0.0694 | loss_classifier: 0.004 | loss_box_reg: 0.010 | loss_mask: 0.054 | loss_objectness: 0.001 | loss_rpn_box_reg: 0.000
  Batch 340: Total=0.0615 | loss_classifier: 0.006 | loss_box_reg: 0.009 | loss_mask: 0.046 | loss_objectness: 0.000 | loss_rpn_box_reg: 0.000
  Batch 360: Total=0.0955 | loss_classifier: 0.013 | loss_box_reg: 0.023 | loss_mask: 0.058 | loss_objectness: 0.001 | loss_rpn_box_reg: 0.001
  Batch 380: Total=0.0791 | loss_classifier: 0.005 | loss_box_reg: 0.014 | loss_mask: 0.060 | loss_objectness: 0.000 | loss_rpn_box_reg: 0.000
  Batch 400: Total=0.0633 | loss_classifier: 0.003 | loss_box_reg: 0.010 | loss_mask: 0.050 | loss_objectness: 0.000 | loss_rpn_box_reg: 0.000
Epoch 43 | Avg Loss: 0.0780 | LR: 0.000032

=== Epoch 44/100 ===
  Batch 20: Total=0.0680 | loss_classifier: 0.003 | loss_box_reg: 0.004 | loss_mask: 0.060 | loss_objectness: 0.000 | loss_rpn_box_reg: 0.001
  Batch 40: Total=0.0699 | loss_classifier: 0.006 | loss_box_reg: 0.006 | loss_mask: 0.057 | loss_objectness: 0.000 | loss_rpn_box_reg: 0.001
  Batch 60: Total=0.0646 | loss_classifier: 0.002 | loss_box_reg: 0.005 | loss_mask: 0.057 | loss_objectness: 0.000 | loss_rpn_box_reg: 0.000
  Batch 80: Total=0.0577 | loss_classifier: 0.004 | loss_box_reg: 0.007 | loss_mask: 0.046 | loss_objectness: 0.000 | loss_rpn_box_reg: 0.000
  Batch 100: Total=0.0675 | loss_classifier: 0.006 | loss_box_reg: 0.009 | loss_mask: 0.052 | loss_objectness: 0.000 | loss_rpn_box_reg: 0.000
  Batch 120: Total=0.0769 | loss_classifier: 0.002 | loss_box_reg: 0.012 | loss_mask: 0.062 | loss_objectness: 0.000 | loss_rpn_box_reg: 0.000
  Batch 140: Total=0.0852 | loss_classifier: 0.006 | loss_box_reg: 0.007 | loss_mask: 0.073 | loss_objectness: 0.000 | loss_rpn_box_reg: 0.000
  Batch 160: Total=0.0500 | loss_classifier: 0.002 | loss_box_reg: 0.003 | loss_mask: 0.045 | loss_objectness: 0.000 | loss_rpn_box_reg: 0.001
  Batch 180: Total=0.0712 | loss_classifier: 0.004 | loss_box_reg: 0.010 | loss_mask: 0.052 | loss_objectness: 0.005 | loss_rpn_box_reg: 0.000
  Batch 200: Total=0.0584 | loss_classifier: 0.001 | loss_box_reg: 0.008 | loss_mask: 0.048 | loss_objectness: 0.000 | loss_rpn_box_reg: 0.000
  Batch 220: Total=0.0701 | loss_classifier: 0.007 | loss_box_reg: 0.010 | loss_mask: 0.053 | loss_objectness: 0.000 | loss_rpn_box_reg: 0.000
  Batch 240: Total=0.0664 | loss_classifier: 0.003 | loss_box_reg: 0.005 | loss_mask: 0.057 | loss_objectness: 0.001 | loss_rpn_box_reg: 0.000
  Batch 260: Total=0.0618 | loss_classifier: 0.005 | loss_box_reg: 0.007 | loss_mask: 0.048 | loss_objectness: 0.000 | loss_rpn_box_reg: 0.001
  Batch 280: Total=0.0965 | loss_classifier: 0.009 | loss_box_reg: 0.031 | loss_mask: 0.056 | loss_objectness: 0.000 | loss_rpn_box_reg: 0.000
  Batch 300: Total=0.1402 | loss_classifier: 0.016 | loss_box_reg: 0.018 | loss_mask: 0.102 | loss_objectness: 0.001 | loss_rpn_box_reg: 0.003
  Batch 320: Total=0.0532 | loss_classifier: 0.003 | loss_box_reg: 0.007 | loss_mask: 0.043 | loss_objectness: 0.000 | loss_rpn_box_reg: 0.000
  Batch 340: Total=0.0659 | loss_classifier: 0.002 | loss_box_reg: 0.008 | loss_mask: 0.055 | loss_objectness: 0.000 | loss_rpn_box_reg: 0.000
  Batch 360: Total=0.0474 | loss_classifier: 0.002 | loss_box_reg: 0.006 | loss_mask: 0.039 | loss_objectness: 0.000 | loss_rpn_box_reg: 0.000
  Batch 380: Total=0.1284 | loss_classifier: 0.020 | loss_box_reg: 0.029 | loss_mask: 0.078 | loss_objectness: 0.000 | loss_rpn_box_reg: 0.001
  Batch 400: Total=0.0698 | loss_classifier: 0.005 | loss_box_reg: 0.008 | loss_mask: 0.056 | loss_objectness: 0.000 | loss_rpn_box_reg: 0.000
Epoch 44 | Avg Loss: 0.0771 | LR: 0.000031

=== Epoch 45/100 ===
  Batch 20: Total=0.0889 | loss_classifier: 0.007 | loss_box_reg: 0.006 | loss_mask: 0.072 | loss_objectness: 0.000 | loss_rpn_box_reg: 0.003
  Batch 40: Total=0.1839 | loss_classifier: 0.017 | loss_box_reg: 0.069 | loss_mask: 0.096 | loss_objectness: 0.000 | loss_rpn_box_reg: 0.001
  Batch 60: Total=0.0637 | loss_classifier: 0.006 | loss_box_reg: 0.005 | loss_mask: 0.052 | loss_objectness: 0.000 | loss_rpn_box_reg: 0.000
  Batch 80: Total=0.0947 | loss_classifier: 0.011 | loss_box_reg: 0.024 | loss_mask: 0.059 | loss_objectness: 0.001 | loss_rpn_box_reg: 0.001
  Batch 100: Total=0.0905 | loss_classifier: 0.007 | loss_box_reg: 0.027 | loss_mask: 0.055 | loss_objectness: 0.000 | loss_rpn_box_reg: 0.001
  Batch 120: Total=0.0906 | loss_classifier: 0.004 | loss_box_reg: 0.010 | loss_mask: 0.074 | loss_objectness: 0.002 | loss_rpn_box_reg: 0.000
  Batch 140: Total=0.0739 | loss_classifier: 0.003 | loss_box_reg: 0.010 | loss_mask: 0.061 | loss_objectness: 0.000 | loss_rpn_box_reg: 0.000
  Batch 160: Total=0.0681 | loss_classifier: 0.002 | loss_box_reg: 0.010 | loss_mask: 0.053 | loss_objectness: 0.003 | loss_rpn_box_reg: 0.001
  Batch 180: Total=0.1052 | loss_classifier: 0.022 | loss_box_reg: 0.029 | loss_mask: 0.054 | loss_objectness: 0.000 | loss_rpn_box_reg: 0.001
  Batch 200: Total=0.0862 | loss_classifier: 0.013 | loss_box_reg: 0.017 | loss_mask: 0.055 | loss_objectness: 0.001 | loss_rpn_box_reg: 0.001
  Batch 220: Total=0.1035 | loss_classifier: 0.012 | loss_box_reg: 0.022 | loss_mask: 0.068 | loss_objectness: 0.000 | loss_rpn_box_reg: 0.001
  Batch 240: Total=0.1084 | loss_classifier: 0.007 | loss_box_reg: 0.011 | loss_mask: 0.090 | loss_objectness: 0.000 | loss_rpn_box_reg: 0.000
  Batch 260: Total=0.0535 | loss_classifier: 0.004 | loss_box_reg: 0.003 | loss_mask: 0.046 | loss_objectness: 0.000 | loss_rpn_box_reg: 0.000
  Batch 280: Total=0.0738 | loss_classifier: 0.008 | loss_box_reg: 0.014 | loss_mask: 0.052 | loss_objectness: 0.000 | loss_rpn_box_reg: 0.000
  Batch 300: Total=0.0657 | loss_classifier: 0.004 | loss_box_reg: 0.006 | loss_mask: 0.055 | loss_objectness: 0.000 | loss_rpn_box_reg: 0.000
  Batch 320: Total=0.0679 | loss_classifier: 0.009 | loss_box_reg: 0.009 | loss_mask: 0.049 | loss_objectness: 0.000 | loss_rpn_box_reg: 0.000
  Batch 340: Total=0.0630 | loss_classifier: 0.004 | loss_box_reg: 0.010 | loss_mask: 0.049 | loss_objectness: 0.000 | loss_rpn_box_reg: 0.000
  Batch 360: Total=0.0678 | loss_classifier: 0.001 | loss_box_reg: 0.008 | loss_mask: 0.058 | loss_objectness: 0.000 | loss_rpn_box_reg: 0.002
  Batch 380: Total=0.1604 | loss_classifier: 0.019 | loss_box_reg: 0.058 | loss_mask: 0.079 | loss_objectness: 0.000 | loss_rpn_box_reg: 0.004
  Batch 400: Total=0.0863 | loss_classifier: 0.011 | loss_box_reg: 0.012 | loss_mask: 0.062 | loss_objectness: 0.000 | loss_rpn_box_reg: 0.001
Epoch 45 | Avg Loss: 0.0762 | LR: 0.000031

=== Epoch 46/100 ===
  Batch 20: Total=0.0824 | loss_classifier: 0.013 | loss_box_reg: 0.018 | loss_mask: 0.051 | loss_objectness: 0.000 | loss_rpn_box_reg: 0.000
  Batch 40: Total=0.1139 | loss_classifier: 0.022 | loss_box_reg: 0.025 | loss_mask: 0.066 | loss_objectness: 0.000 | loss_rpn_box_reg: 0.001
  Batch 60: Total=0.0764 | loss_classifier: 0.007 | loss_box_reg: 0.011 | loss_mask: 0.054 | loss_objectness: 0.003 | loss_rpn_box_reg: 0.001
  Batch 80: Total=0.0620 | loss_classifier: 0.004 | loss_box_reg: 0.005 | loss_mask: 0.052 | loss_objectness: 0.000 | loss_rpn_box_reg: 0.000
  Batch 100: Total=0.0824 | loss_classifier: 0.013 | loss_box_reg: 0.017 | loss_mask: 0.051 | loss_objectness: 0.000 | loss_rpn_box_reg: 0.001
  Batch 120: Total=0.0980 | loss_classifier: 0.006 | loss_box_reg: 0.021 | loss_mask: 0.071 | loss_objectness: 0.000 | loss_rpn_box_reg: 0.000
  Batch 140: Total=0.0720 | loss_classifier: 0.008 | loss_box_reg: 0.012 | loss_mask: 0.050 | loss_objectness: 0.001 | loss_rpn_box_reg: 0.000
  Batch 160: Total=0.0814 | loss_classifier: 0.002 | loss_box_reg: 0.006 | loss_mask: 0.066 | loss_objectness: 0.004 | loss_rpn_box_reg: 0.002
  Batch 180: Total=0.0658 | loss_classifier: 0.006 | loss_box_reg: 0.005 | loss_mask: 0.053 | loss_objectness: 0.000 | loss_rpn_box_reg: 0.001
  Batch 200: Total=0.0832 | loss_classifier: 0.001 | loss_box_reg: 0.005 | loss_mask: 0.077 | loss_objectness: 0.000 | loss_rpn_box_reg: 0.000
  Batch 220: Total=0.1052 | loss_classifier: 0.018 | loss_box_reg: 0.012 | loss_mask: 0.075 | loss_objectness: 0.000 | loss_rpn_box_reg: 0.000
  Batch 240: Total=0.0685 | loss_classifier: 0.005 | loss_box_reg: 0.006 | loss_mask: 0.058 | loss_objectness: 0.000 | loss_rpn_box_reg: 0.000
  Batch 260: Total=0.0622 | loss_classifier: 0.007 | loss_box_reg: 0.008 | loss_mask: 0.047 | loss_objectness: 0.000 | loss_rpn_box_reg: 0.000
  Batch 280: Total=0.0619 | loss_classifier: 0.010 | loss_box_reg: 0.003 | loss_mask: 0.049 | loss_objectness: 0.000 | loss_rpn_box_reg: 0.000
  Batch 300: Total=0.0961 | loss_classifier: 0.002 | loss_box_reg: 0.012 | loss_mask: 0.082 | loss_objectness: 0.000 | loss_rpn_box_reg: 0.000
  Batch 320: Total=0.0609 | loss_classifier: 0.005 | loss_box_reg: 0.006 | loss_mask: 0.049 | loss_objectness: 0.000 | loss_rpn_box_reg: 0.000
  Batch 340: Total=0.0545 | loss_classifier: 0.003 | loss_box_reg: 0.003 | loss_mask: 0.048 | loss_objectness: 0.000 | loss_rpn_box_reg: 0.000
  Batch 360: Total=0.0654 | loss_classifier: 0.005 | loss_box_reg: 0.003 | loss_mask: 0.057 | loss_objectness: 0.000 | loss_rpn_box_reg: 0.001
  Batch 380: Total=0.1055 | loss_classifier: 0.029 | loss_box_reg: 0.014 | loss_mask: 0.061 | loss_objectness: 0.000 | loss_rpn_box_reg: 0.001
  Batch 400: Total=0.0837 | loss_classifier: 0.002 | loss_box_reg: 0.011 | loss_mask: 0.068 | loss_objectness: 0.003 | loss_rpn_box_reg: 0.000
Epoch 46 | Avg Loss: 0.0742 | LR: 0.000030

=== Epoch 47/100 ===
  Batch 20: Total=0.0682 | loss_classifier: 0.010 | loss_box_reg: 0.008 | loss_mask: 0.050 | loss_objectness: 0.000 | loss_rpn_box_reg: 0.000
  Batch 40: Total=0.0846 | loss_classifier: 0.005 | loss_box_reg: 0.019 | loss_mask: 0.060 | loss_objectness: 0.000 | loss_rpn_box_reg: 0.001
  Batch 60: Total=0.0808 | loss_classifier: 0.004 | loss_box_reg: 0.015 | loss_mask: 0.062 | loss_objectness: 0.000 | loss_rpn_box_reg: 0.000
  Batch 80: Total=0.0587 | loss_classifier: 0.003 | loss_box_reg: 0.005 | loss_mask: 0.051 | loss_objectness: 0.000 | loss_rpn_box_reg: 0.000
  Batch 100: Total=0.0488 | loss_classifier: 0.002 | loss_box_reg: 0.005 | loss_mask: 0.041 | loss_objectness: 0.000 | loss_rpn_box_reg: 0.000
  Batch 120: Total=0.0712 | loss_classifier: 0.002 | loss_box_reg: 0.008 | loss_mask: 0.060 | loss_objectness: 0.000 | loss_rpn_box_reg: 0.000
  Batch 140: Total=0.0607 | loss_classifier: 0.012 | loss_box_reg: 0.003 | loss_mask: 0.045 | loss_objectness: 0.000 | loss_rpn_box_reg: 0.001
  Batch 160: Total=0.1793 | loss_classifier: 0.038 | loss_box_reg: 0.061 | loss_mask: 0.079 | loss_objectness: 0.000 | loss_rpn_box_reg: 0.001
  Batch 180: Total=0.0580 | loss_classifier: 0.003 | loss_box_reg: 0.010 | loss_mask: 0.044 | loss_objectness: 0.000 | loss_rpn_box_reg: 0.000
  Batch 200: Total=0.0681 | loss_classifier: 0.010 | loss_box_reg: 0.006 | loss_mask: 0.052 | loss_objectness: 0.000 | loss_rpn_box_reg: 0.000
  Batch 220: Total=0.0454 | loss_classifier: 0.000 | loss_box_reg: 0.003 | loss_mask: 0.042 | loss_objectness: 0.000 | loss_rpn_box_reg: 0.000
  Batch 240: Total=0.0986 | loss_classifier: 0.007 | loss_box_reg: 0.015 | loss_mask: 0.076 | loss_objectness: 0.000 | loss_rpn_box_reg: 0.001
  Batch 260: Total=0.0592 | loss_classifier: 0.006 | loss_box_reg: 0.005 | loss_mask: 0.048 | loss_objectness: 0.000 | loss_rpn_box_reg: 0.000
  Batch 280: Total=0.0598 | loss_classifier: 0.002 | loss_box_reg: 0.011 | loss_mask: 0.047 | loss_objectness: 0.000 | loss_rpn_box_reg: 0.000
  Batch 300: Total=0.0920 | loss_classifier: 0.002 | loss_box_reg: 0.013 | loss_mask: 0.076 | loss_objectness: 0.000 | loss_rpn_box_reg: 0.000
  Batch 320: Total=0.0542 | loss_classifier: 0.007 | loss_box_reg: 0.005 | loss_mask: 0.042 | loss_objectness: 0.000 | loss_rpn_box_reg: 0.000
  Batch 340: Total=0.0579 | loss_classifier: 0.006 | loss_box_reg: 0.004 | loss_mask: 0.047 | loss_objectness: 0.000 | loss_rpn_box_reg: 0.000
  Batch 360: Total=0.0820 | loss_classifier: 0.014 | loss_box_reg: 0.009 | loss_mask: 0.058 | loss_objectness: 0.000 | loss_rpn_box_reg: 0.000
  Batch 380: Total=0.0593 | loss_classifier: 0.001 | loss_box_reg: 0.009 | loss_mask: 0.049 | loss_objectness: 0.000 | loss_rpn_box_reg: 0.000
  Batch 400: Total=0.0712 | loss_classifier: 0.004 | loss_box_reg: 0.010 | loss_mask: 0.057 | loss_objectness: 0.000 | loss_rpn_box_reg: 0.000
Epoch 47 | Avg Loss: 0.0738 | LR: 0.000029

=== Epoch 48/100 ===
  Batch 20: Total=0.0555 | loss_classifier: 0.003 | loss_box_reg: 0.003 | loss_mask: 0.050 | loss_objectness: 0.000 | loss_rpn_box_reg: 0.000
  Batch 40: Total=0.0615 | loss_classifier: 0.004 | loss_box_reg: 0.007 | loss_mask: 0.050 | loss_objectness: 0.000 | loss_rpn_box_reg: 0.000
  Batch 60: Total=0.0753 | loss_classifier: 0.008 | loss_box_reg: 0.017 | loss_mask: 0.050 | loss_objectness: 0.000 | loss_rpn_box_reg: 0.000
  Batch 80: Total=0.0615 | loss_classifier: 0.001 | loss_box_reg: 0.011 | loss_mask: 0.049 | loss_objectness: 0.000 | loss_rpn_box_reg: 0.000
  Batch 100: Total=0.0602 | loss_classifier: 0.004 | loss_box_reg: 0.003 | loss_mask: 0.053 | loss_objectness: 0.000 | loss_rpn_box_reg: 0.000
  Batch 120: Total=0.0580 | loss_classifier: 0.003 | loss_box_reg: 0.005 | loss_mask: 0.042 | loss_objectness: 0.009 | loss_rpn_box_reg: 0.000
  Batch 140: Total=0.0702 | loss_classifier: 0.002 | loss_box_reg: 0.007 | loss_mask: 0.061 | loss_objectness: 0.000 | loss_rpn_box_reg: 0.000
  Batch 160: Total=0.0616 | loss_classifier: 0.001 | loss_box_reg: 0.004 | loss_mask: 0.056 | loss_objectness: 0.000 | loss_rpn_box_reg: 0.000
  Batch 180: Total=0.0608 | loss_classifier: 0.007 | loss_box_reg: 0.003 | loss_mask: 0.051 | loss_objectness: 0.000 | loss_rpn_box_reg: 0.000
  Batch 200: Total=0.0805 | loss_classifier: 0.001 | loss_box_reg: 0.003 | loss_mask: 0.073 | loss_objectness: 0.001 | loss_rpn_box_reg: 0.003
  Batch 220: Total=0.1038 | loss_classifier: 0.016 | loss_box_reg: 0.026 | loss_mask: 0.061 | loss_objectness: 0.000 | loss_rpn_box_reg: 0.000
  Batch 240: Total=0.2191 | loss_classifier: 0.050 | loss_box_reg: 0.027 | loss_mask: 0.141 | loss_objectness: 0.000 | loss_rpn_box_reg: 0.001
  Batch 260: Total=0.0677 | loss_classifier: 0.001 | loss_box_reg: 0.007 | loss_mask: 0.059 | loss_objectness: 0.000 | loss_rpn_box_reg: 0.000
  Batch 280: Total=0.0640 | loss_classifier: 0.011 | loss_box_reg: 0.008 | loss_mask: 0.044 | loss_objectness: 0.000 | loss_rpn_box_reg: 0.001
  Batch 300: Total=0.0838 | loss_classifier: 0.010 | loss_box_reg: 0.023 | loss_mask: 0.050 | loss_objectness: 0.000 | loss_rpn_box_reg: 0.001
  Batch 320: Total=0.0536 | loss_classifier: 0.002 | loss_box_reg: 0.004 | loss_mask: 0.047 | loss_objectness: 0.000 | loss_rpn_box_reg: 0.000
  Batch 340: Total=0.0594 | loss_classifier: 0.001 | loss_box_reg: 0.011 | loss_mask: 0.047 | loss_objectness: 0.000 | loss_rpn_box_reg: 0.000
  Batch 360: Total=0.0691 | loss_classifier: 0.010 | loss_box_reg: 0.008 | loss_mask: 0.051 | loss_objectness: 0.000 | loss_rpn_box_reg: 0.000
  Batch 380: Total=0.0683 | loss_classifier: 0.002 | loss_box_reg: 0.008 | loss_mask: 0.057 | loss_objectness: 0.000 | loss_rpn_box_reg: 0.000
  Batch 400: Total=0.0990 | loss_classifier: 0.004 | loss_box_reg: 0.016 | loss_mask: 0.079 | loss_objectness: 0.000 | loss_rpn_box_reg: 0.000
Epoch 48 | Avg Loss: 0.0731 | LR: 0.000028

=== Epoch 49/100 ===
  Batch 20: Total=0.0716 | loss_classifier: 0.009 | loss_box_reg: 0.007 | loss_mask: 0.056 | loss_objectness: 0.000 | loss_rpn_box_reg: 0.000
  Batch 40: Total=0.0870 | loss_classifier: 0.007 | loss_box_reg: 0.018 | loss_mask: 0.061 | loss_objectness: 0.000 | loss_rpn_box_reg: 0.001
  Batch 60: Total=0.0704 | loss_classifier: 0.007 | loss_box_reg: 0.006 | loss_mask: 0.057 | loss_objectness: 0.000 | loss_rpn_box_reg: 0.000
  Batch 80: Total=0.0761 | loss_classifier: 0.001 | loss_box_reg: 0.018 | loss_mask: 0.057 | loss_objectness: 0.000 | loss_rpn_box_reg: 0.000
  Batch 100: Total=0.0505 | loss_classifier: 0.000 | loss_box_reg: 0.006 | loss_mask: 0.044 | loss_objectness: 0.000 | loss_rpn_box_reg: 0.000
  Batch 120: Total=0.0662 | loss_classifier: 0.005 | loss_box_reg: 0.003 | loss_mask: 0.058 | loss_objectness: 0.000 | loss_rpn_box_reg: 0.000
  Batch 140: Total=0.0651 | loss_classifier: 0.008 | loss_box_reg: 0.004 | loss_mask: 0.053 | loss_objectness: 0.000 | loss_rpn_box_reg: 0.000
  Batch 160: Total=0.0698 | loss_classifier: 0.002 | loss_box_reg: 0.011 | loss_mask: 0.057 | loss_objectness: 0.000 | loss_rpn_box_reg: 0.000
  Batch 180: Total=0.1138 | loss_classifier: 0.032 | loss_box_reg: 0.021 | loss_mask: 0.060 | loss_objectness: 0.000 | loss_rpn_box_reg: 0.000
  Batch 200: Total=0.1167 | loss_classifier: 0.021 | loss_box_reg: 0.014 | loss_mask: 0.073 | loss_objectness: 0.007 | loss_rpn_box_reg: 0.001
  Batch 220: Total=0.0513 | loss_classifier: 0.001 | loss_box_reg: 0.003 | loss_mask: 0.048 | loss_objectness: 0.000 | loss_rpn_box_reg: 0.000
  Batch 240: Total=0.0580 | loss_classifier: 0.003 | loss_box_reg: 0.005 | loss_mask: 0.049 | loss_objectness: 0.000 | loss_rpn_box_reg: 0.001
  Batch 260: Total=0.0489 | loss_classifier: 0.001 | loss_box_reg: 0.007 | loss_mask: 0.040 | loss_objectness: 0.000 | loss_rpn_box_reg: 0.001
  Batch 280: Total=0.0570 | loss_classifier: 0.002 | loss_box_reg: 0.009 | loss_mask: 0.046 | loss_objectness: 0.000 | loss_rpn_box_reg: 0.000
  Batch 300: Total=0.0544 | loss_classifier: 0.002 | loss_box_reg: 0.004 | loss_mask: 0.048 | loss_objectness: 0.000 | loss_rpn_box_reg: 0.000
  Batch 320: Total=0.1088 | loss_classifier: 0.010 | loss_box_reg: 0.040 | loss_mask: 0.058 | loss_objectness: 0.000 | loss_rpn_box_reg: 0.001
  Batch 340: Total=0.0566 | loss_classifier: 0.003 | loss_box_reg: 0.002 | loss_mask: 0.051 | loss_objectness: 0.000 | loss_rpn_box_reg: 0.000
  Batch 360: Total=0.0564 | loss_classifier: 0.003 | loss_box_reg: 0.003 | loss_mask: 0.051 | loss_objectness: 0.000 | loss_rpn_box_reg: 0.000
  Batch 380: Total=0.0735 | loss_classifier: 0.004 | loss_box_reg: 0.017 | loss_mask: 0.052 | loss_objectness: 0.000 | loss_rpn_box_reg: 0.000
  Batch 400: Total=0.0768 | loss_classifier: 0.015 | loss_box_reg: 0.008 | loss_mask: 0.054 | loss_objectness: 0.000 | loss_rpn_box_reg: 0.000
Epoch 49 | Avg Loss: 0.0719 | LR: 0.000027

=== Epoch 50/100 ===
  Batch 20: Total=0.0822 | loss_classifier: 0.016 | loss_box_reg: 0.015 | loss_mask: 0.051 | loss_objectness: 0.000 | loss_rpn_box_reg: 0.000
  Batch 40: Total=0.0465 | loss_classifier: 0.001 | loss_box_reg: 0.003 | loss_mask: 0.042 | loss_objectness: 0.000 | loss_rpn_box_reg: 0.000
  Batch 60: Total=0.0769 | loss_classifier: 0.007 | loss_box_reg: 0.005 | loss_mask: 0.065 | loss_objectness: 0.000 | loss_rpn_box_reg: 0.000
  Batch 80: Total=0.0899 | loss_classifier: 0.015 | loss_box_reg: 0.022 | loss_mask: 0.053 | loss_objectness: 0.000 | loss_rpn_box_reg: 0.000
  Batch 100: Total=0.0840 | loss_classifier: 0.003 | loss_box_reg: 0.027 | loss_mask: 0.053 | loss_objectness: 0.000 | loss_rpn_box_reg: 0.000
  Batch 120: Total=0.0807 | loss_classifier: 0.008 | loss_box_reg: 0.016 | loss_mask: 0.056 | loss_objectness: 0.000 | loss_rpn_box_reg: 0.000
  Batch 140: Total=0.0701 | loss_classifier: 0.004 | loss_box_reg: 0.011 | loss_mask: 0.055 | loss_objectness: 0.000 | loss_rpn_box_reg: 0.000
  Batch 160: Total=0.0708 | loss_classifier: 0.009 | loss_box_reg: 0.007 | loss_mask: 0.055 | loss_objectness: 0.000 | loss_rpn_box_reg: 0.000
  Batch 180: Total=0.1286 | loss_classifier: 0.018 | loss_box_reg: 0.029 | loss_mask: 0.081 | loss_objectness: 0.000 | loss_rpn_box_reg: 0.001
  Batch 200: Total=0.0515 | loss_classifier: 0.004 | loss_box_reg: 0.005 | loss_mask: 0.042 | loss_objectness: 0.000 | loss_rpn_box_reg: 0.000
  Batch 220: Total=0.0861 | loss_classifier: 0.009 | loss_box_reg: 0.016 | loss_mask: 0.060 | loss_objectness: 0.000 | loss_rpn_box_reg: 0.000
  Batch 240: Total=0.0538 | loss_classifier: 0.001 | loss_box_reg: 0.006 | loss_mask: 0.046 | loss_objectness: 0.000 | loss_rpn_box_reg: 0.000
  Batch 260: Total=0.0616 | loss_classifier: 0.005 | loss_box_reg: 0.006 | loss_mask: 0.050 | loss_objectness: 0.000 | loss_rpn_box_reg: 0.000
  Batch 280: Total=0.0794 | loss_classifier: 0.013 | loss_box_reg: 0.009 | loss_mask: 0.057 | loss_objectness: 0.000 | loss_rpn_box_reg: 0.000
  Batch 300: Total=0.0498 | loss_classifier: 0.004 | loss_box_reg: 0.005 | loss_mask: 0.041 | loss_objectness: 0.000 | loss_rpn_box_reg: 0.000
  Batch 320: Total=0.1026 | loss_classifier: 0.010 | loss_box_reg: 0.023 | loss_mask: 0.069 | loss_objectness: 0.000 | loss_rpn_box_reg: 0.001
  Batch 340: Total=0.0686 | loss_classifier: 0.008 | loss_box_reg: 0.009 | loss_mask: 0.051 | loss_objectness: 0.000 | loss_rpn_box_reg: 0.001
  Batch 360: Total=0.0535 | loss_classifier: 0.000 | loss_box_reg: 0.002 | loss_mask: 0.051 | loss_objectness: 0.000 | loss_rpn_box_reg: 0.000
  Batch 380: Total=0.0504 | loss_classifier: 0.004 | loss_box_reg: 0.003 | loss_mask: 0.042 | loss_objectness: 0.000 | loss_rpn_box_reg: 0.000
  Batch 400: Total=0.0666 | loss_classifier: 0.005 | loss_box_reg: 0.012 | loss_mask: 0.050 | loss_objectness: 0.000 | loss_rpn_box_reg: 0.000
Epoch 50 | Avg Loss: 0.0704 | LR: 0.000027

=== Epoch 51/100 ===
  Batch 20: Total=0.0539 | loss_classifier: 0.000 | loss_box_reg: 0.004 | loss_mask: 0.050 | loss_objectness: 0.000 | loss_rpn_box_reg: 0.000
  Batch 40: Total=0.0737 | loss_classifier: 0.009 | loss_box_reg: 0.015 | loss_mask: 0.050 | loss_objectness: 0.000 | loss_rpn_box_reg: 0.000
  Batch 60: Total=0.0708 | loss_classifier: 0.009 | loss_box_reg: 0.007 | loss_mask: 0.054 | loss_objectness: 0.000 | loss_rpn_box_reg: 0.000
  Batch 80: Total=0.0584 | loss_classifier: 0.000 | loss_box_reg: 0.008 | loss_mask: 0.049 | loss_objectness: 0.000 | loss_rpn_box_reg: 0.001
  Batch 100: Total=0.0669 | loss_classifier: 0.009 | loss_box_reg: 0.006 | loss_mask: 0.051 | loss_objectness: 0.000 | loss_rpn_box_reg: 0.000
  Batch 120: Total=0.0584 | loss_classifier: 0.003 | loss_box_reg: 0.006 | loss_mask: 0.049 | loss_objectness: 0.000 | loss_rpn_box_reg: 0.000
  Batch 140: Total=0.0550 | loss_classifier: 0.004 | loss_box_reg: 0.002 | loss_mask: 0.048 | loss_objectness: 0.000 | loss_rpn_box_reg: 0.000
  Batch 160: Total=0.0594 | loss_classifier: 0.001 | loss_box_reg: 0.007 | loss_mask: 0.051 | loss_objectness: 0.000 | loss_rpn_box_reg: 0.000
  Batch 180: Total=0.0523 | loss_classifier: 0.000 | loss_box_reg: 0.001 | loss_mask: 0.050 | loss_objectness: 0.000 | loss_rpn_box_reg: 0.000
  Batch 200: Total=0.0685 | loss_classifier: 0.001 | loss_box_reg: 0.010 | loss_mask: 0.057 | loss_objectness: 0.000 | loss_rpn_box_reg: 0.000
  Batch 220: Total=0.0589 | loss_classifier: 0.001 | loss_box_reg: 0.006 | loss_mask: 0.049 | loss_objectness: 0.001 | loss_rpn_box_reg: 0.001
  Batch 240: Total=0.0614 | loss_classifier: 0.011 | loss_box_reg: 0.008 | loss_mask: 0.041 | loss_objectness: 0.000 | loss_rpn_box_reg: 0.001
  Batch 260: Total=0.1009 | loss_classifier: 0.024 | loss_box_reg: 0.023 | loss_mask: 0.053 | loss_objectness: 0.000 | loss_rpn_box_reg: 0.001
  Batch 280: Total=0.0640 | loss_classifier: 0.007 | loss_box_reg: 0.008 | loss_mask: 0.049 | loss_objectness: 0.000 | loss_rpn_box_reg: 0.000
  Batch 300: Total=0.0668 | loss_classifier: 0.004 | loss_box_reg: 0.012 | loss_mask: 0.050 | loss_objectness: 0.000 | loss_rpn_box_reg: 0.000
  Batch 320: Total=0.0571 | loss_classifier: 0.001 | loss_box_reg: 0.009 | loss_mask: 0.048 | loss_objectness: 0.000 | loss_rpn_box_reg: 0.000
  Batch 340: Total=0.0841 | loss_classifier: 0.009 | loss_box_reg: 0.010 | loss_mask: 0.064 | loss_objectness: 0.001 | loss_rpn_box_reg: 0.000
  Batch 360: Total=0.1207 | loss_classifier: 0.013 | loss_box_reg: 0.031 | loss_mask: 0.075 | loss_objectness: 0.000 | loss_rpn_box_reg: 0.001
  Batch 380: Total=0.0641 | loss_classifier: 0.001 | loss_box_reg: 0.004 | loss_mask: 0.058 | loss_objectness: 0.000 | loss_rpn_box_reg: 0.000
  Batch 400: Total=0.0597 | loss_classifier: 0.005 | loss_box_reg: 0.007 | loss_mask: 0.047 | loss_objectness: 0.000 | loss_rpn_box_reg: 0.000
Epoch 51 | Avg Loss: 0.0698 | LR: 0.000026

=== Epoch 52/100 ===
  Batch 20: Total=0.0622 | loss_classifier: 0.008 | loss_box_reg: 0.003 | loss_mask: 0.050 | loss_objectness: 0.000 | loss_rpn_box_reg: 0.000
  Batch 40: Total=0.0852 | loss_classifier: 0.004 | loss_box_reg: 0.006 | loss_mask: 0.075 | loss_objectness: 0.000 | loss_rpn_box_reg: 0.000
  Batch 60: Total=0.0681 | loss_classifier: 0.001 | loss_box_reg: 0.008 | loss_mask: 0.059 | loss_objectness: 0.000 | loss_rpn_box_reg: 0.000
  Batch 80: Total=0.0631 | loss_classifier: 0.004 | loss_box_reg: 0.009 | loss_mask: 0.050 | loss_objectness: 0.000 | loss_rpn_box_reg: 0.000
  Batch 100: Total=0.1093 | loss_classifier: 0.007 | loss_box_reg: 0.019 | loss_mask: 0.083 | loss_objectness: 0.000 | loss_rpn_box_reg: 0.000
  Batch 120: Total=0.0718 | loss_classifier: 0.003 | loss_box_reg: 0.009 | loss_mask: 0.059 | loss_objectness: 0.000 | loss_rpn_box_reg: 0.000
  Batch 140: Total=0.0557 | loss_classifier: 0.003 | loss_box_reg: 0.005 | loss_mask: 0.048 | loss_objectness: 0.000 | loss_rpn_box_reg: 0.000
  Batch 160: Total=0.0988 | loss_classifier: 0.010 | loss_box_reg: 0.008 | loss_mask: 0.081 | loss_objectness: 0.000 | loss_rpn_box_reg: 0.000
  Batch 180: Total=0.0534 | loss_classifier: 0.003 | loss_box_reg: 0.004 | loss_mask: 0.046 | loss_objectness: 0.000 | loss_rpn_box_reg: 0.000
  Batch 200: Total=0.1083 | loss_classifier: 0.029 | loss_box_reg: 0.016 | loss_mask: 0.063 | loss_objectness: 0.000 | loss_rpn_box_reg: 0.000
  Batch 220: Total=0.0620 | loss_classifier: 0.007 | loss_box_reg: 0.007 | loss_mask: 0.048 | loss_objectness: 0.000 | loss_rpn_box_reg: 0.000
  Batch 240: Total=0.0620 | loss_classifier: 0.001 | loss_box_reg: 0.004 | loss_mask: 0.056 | loss_objectness: 0.000 | loss_rpn_box_reg: 0.001
  Batch 260: Total=0.0672 | loss_classifier: 0.003 | loss_box_reg: 0.015 | loss_mask: 0.048 | loss_objectness: 0.000 | loss_rpn_box_reg: 0.001
  Batch 280: Total=0.0515 | loss_classifier: 0.002 | loss_box_reg: 0.004 | loss_mask: 0.045 | loss_objectness: 0.001 | loss_rpn_box_reg: 0.000
  Batch 300: Total=0.0531 | loss_classifier: 0.007 | loss_box_reg: 0.007 | loss_mask: 0.039 | loss_objectness: 0.000 | loss_rpn_box_reg: 0.000
  Batch 320: Total=0.0666 | loss_classifier: 0.006 | loss_box_reg: 0.016 | loss_mask: 0.044 | loss_objectness: 0.000 | loss_rpn_box_reg: 0.000
  Batch 340: Total=0.0603 | loss_classifier: 0.004 | loss_box_reg: 0.006 | loss_mask: 0.050 | loss_objectness: 0.000 | loss_rpn_box_reg: 0.000
  Batch 360: Total=0.0591 | loss_classifier: 0.001 | loss_box_reg: 0.004 | loss_mask: 0.054 | loss_objectness: 0.000 | loss_rpn_box_reg: 0.000
  Batch 380: Total=0.0591 | loss_classifier: 0.004 | loss_box_reg: 0.007 | loss_mask: 0.048 | loss_objectness: 0.000 | loss_rpn_box_reg: 0.000
  Batch 400: Total=0.1022 | loss_classifier: 0.009 | loss_box_reg: 0.003 | loss_mask: 0.090 | loss_objectness: 0.000 | loss_rpn_box_reg: 0.000
Epoch 52 | Avg Loss: 0.0698 | LR: 0.000025

=== Epoch 53/100 ===
  Batch 20: Total=0.0671 | loss_classifier: 0.008 | loss_box_reg: 0.008 | loss_mask: 0.051 | loss_objectness: 0.000 | loss_rpn_box_reg: 0.000
  Batch 40: Total=0.0665 | loss_classifier: 0.010 | loss_box_reg: 0.012 | loss_mask: 0.045 | loss_objectness: 0.000 | loss_rpn_box_reg: 0.000
  Batch 60: Total=0.0543 | loss_classifier: 0.001 | loss_box_reg: 0.002 | loss_mask: 0.052 | loss_objectness: 0.000 | loss_rpn_box_reg: 0.000
  Batch 80: Total=0.0710 | loss_classifier: 0.005 | loss_box_reg: 0.006 | loss_mask: 0.060 | loss_objectness: 0.000 | loss_rpn_box_reg: 0.000
  Batch 100: Total=0.0749 | loss_classifier: 0.002 | loss_box_reg: 0.002 | loss_mask: 0.070 | loss_objectness: 0.000 | loss_rpn_box_reg: 0.001
  Batch 120: Total=0.0892 | loss_classifier: 0.007 | loss_box_reg: 0.016 | loss_mask: 0.066 | loss_objectness: 0.000 | loss_rpn_box_reg: 0.000
  Batch 140: Total=0.0691 | loss_classifier: 0.004 | loss_box_reg: 0.008 | loss_mask: 0.057 | loss_objectness: 0.000 | loss_rpn_box_reg: 0.000
  Batch 160: Total=0.0549 | loss_classifier: 0.001 | loss_box_reg: 0.006 | loss_mask: 0.046 | loss_objectness: 0.001 | loss_rpn_box_reg: 0.000
  Batch 180: Total=0.0536 | loss_classifier: 0.001 | loss_box_reg: 0.004 | loss_mask: 0.048 | loss_objectness: 0.000 | loss_rpn_box_reg: 0.000
  Batch 200: Total=0.1616 | loss_classifier: 0.035 | loss_box_reg: 0.044 | loss_mask: 0.082 | loss_objectness: 0.000 | loss_rpn_box_reg: 0.001
  Batch 220: Total=0.0505 | loss_classifier: 0.006 | loss_box_reg: 0.005 | loss_mask: 0.039 | loss_objectness: 0.000 | loss_rpn_box_reg: 0.000
  Batch 240: Total=0.0596 | loss_classifier: 0.001 | loss_box_reg: 0.005 | loss_mask: 0.053 | loss_objectness: 0.000 | loss_rpn_box_reg: 0.001
  Batch 260: Total=0.0507 | loss_classifier: 0.004 | loss_box_reg: 0.004 | loss_mask: 0.043 | loss_objectness: 0.000 | loss_rpn_box_reg: 0.000
  Batch 280: Total=0.0569 | loss_classifier: 0.010 | loss_box_reg: 0.007 | loss_mask: 0.039 | loss_objectness: 0.000 | loss_rpn_box_reg: 0.000
  Batch 300: Total=0.0829 | loss_classifier: 0.002 | loss_box_reg: 0.017 | loss_mask: 0.064 | loss_objectness: 0.000 | loss_rpn_box_reg: 0.000
  Batch 320: Total=0.0614 | loss_classifier: 0.006 | loss_box_reg: 0.004 | loss_mask: 0.051 | loss_objectness: 0.000 | loss_rpn_box_reg: 0.000
  Batch 340: Total=0.0966 | loss_classifier: 0.010 | loss_box_reg: 0.012 | loss_mask: 0.074 | loss_objectness: 0.000 | loss_rpn_box_reg: 0.001
  Batch 360: Total=0.0556 | loss_classifier: 0.002 | loss_box_reg: 0.003 | loss_mask: 0.050 | loss_objectness: 0.000 | loss_rpn_box_reg: 0.001
  Batch 380: Total=0.0560 | loss_classifier: 0.001 | loss_box_reg: 0.004 | loss_mask: 0.050 | loss_objectness: 0.000 | loss_rpn_box_reg: 0.000
  Batch 400: Total=0.0835 | loss_classifier: 0.003 | loss_box_reg: 0.007 | loss_mask: 0.073 | loss_objectness: 0.000 | loss_rpn_box_reg: 0.000
Epoch 53 | Avg Loss: 0.0679 | LR: 0.000024

=== Epoch 54/100 ===
  Batch 20: Total=0.1298 | loss_classifier: 0.008 | loss_box_reg: 0.016 | loss_mask: 0.095 | loss_objectness: 0.006 | loss_rpn_box_reg: 0.005
  Batch 40: Total=0.0707 | loss_classifier: 0.008 | loss_box_reg: 0.009 | loss_mask: 0.053 | loss_objectness: 0.000 | loss_rpn_box_reg: 0.000
  Batch 60: Total=0.1341 | loss_classifier: 0.020 | loss_box_reg: 0.040 | loss_mask: 0.071 | loss_objectness: 0.000 | loss_rpn_box_reg: 0.004
  Batch 80: Total=0.0648 | loss_classifier: 0.011 | loss_box_reg: 0.004 | loss_mask: 0.048 | loss_objectness: 0.001 | loss_rpn_box_reg: 0.000
  Batch 100: Total=0.0635 | loss_classifier: 0.007 | loss_box_reg: 0.007 | loss_mask: 0.049 | loss_objectness: 0.000 | loss_rpn_box_reg: 0.000
  Batch 120: Total=0.0511 | loss_classifier: 0.001 | loss_box_reg: 0.003 | loss_mask: 0.046 | loss_objectness: 0.000 | loss_rpn_box_reg: 0.000
  Batch 140: Total=0.0654 | loss_classifier: 0.004 | loss_box_reg: 0.006 | loss_mask: 0.054 | loss_objectness: 0.000 | loss_rpn_box_reg: 0.000
  Batch 160: Total=0.0970 | loss_classifier: 0.012 | loss_box_reg: 0.023 | loss_mask: 0.061 | loss_objectness: 0.000 | loss_rpn_box_reg: 0.001
  Batch 180: Total=0.0492 | loss_classifier: 0.000 | loss_box_reg: 0.005 | loss_mask: 0.044 | loss_objectness: 0.000 | loss_rpn_box_reg: 0.000
  Batch 200: Total=0.0503 | loss_classifier: 0.003 | loss_box_reg: 0.004 | loss_mask: 0.043 | loss_objectness: 0.000 | loss_rpn_box_reg: 0.000
  Batch 220: Total=0.0925 | loss_classifier: 0.009 | loss_box_reg: 0.027 | loss_mask: 0.056 | loss_objectness: 0.000 | loss_rpn_box_reg: 0.001
  Batch 240: Total=0.0515 | loss_classifier: 0.002 | loss_box_reg: 0.003 | loss_mask: 0.047 | loss_objectness: 0.000 | loss_rpn_box_reg: 0.000
  Batch 260: Total=0.0567 | loss_classifier: 0.002 | loss_box_reg: 0.006 | loss_mask: 0.049 | loss_objectness: 0.000 | loss_rpn_box_reg: 0.000
  Batch 280: Total=0.1016 | loss_classifier: 0.018 | loss_box_reg: 0.024 | loss_mask: 0.058 | loss_objectness: 0.001 | loss_rpn_box_reg: 0.001
  Batch 300: Total=0.0588 | loss_classifier: 0.010 | loss_box_reg: 0.004 | loss_mask: 0.044 | loss_objectness: 0.000 | loss_rpn_box_reg: 0.000
  Batch 320: Total=0.0762 | loss_classifier: 0.004 | loss_box_reg: 0.006 | loss_mask: 0.066 | loss_objectness: 0.000 | loss_rpn_box_reg: 0.000
  Batch 340: Total=0.0577 | loss_classifier: 0.001 | loss_box_reg: 0.007 | loss_mask: 0.050 | loss_objectness: 0.000 | loss_rpn_box_reg: 0.000
  Batch 360: Total=0.0587 | loss_classifier: 0.005 | loss_box_reg: 0.008 | loss_mask: 0.045 | loss_objectness: 0.000 | loss_rpn_box_reg: 0.001
  Batch 380: Total=0.0830 | loss_classifier: 0.004 | loss_box_reg: 0.005 | loss_mask: 0.074 | loss_objectness: 0.000 | loss_rpn_box_reg: 0.000
  Batch 400: Total=0.0592 | loss_classifier: 0.003 | loss_box_reg: 0.003 | loss_mask: 0.053 | loss_objectness: 0.000 | loss_rpn_box_reg: 0.000
Epoch 54 | Avg Loss: 0.0677 | LR: 0.000024

=== Epoch 55/100 ===
  Batch 20: Total=0.0584 | loss_classifier: 0.003 | loss_box_reg: 0.003 | loss_mask: 0.052 | loss_objectness: 0.000 | loss_rpn_box_reg: 0.000
  Batch 40: Total=0.0651 | loss_classifier: 0.001 | loss_box_reg: 0.007 | loss_mask: 0.058 | loss_objectness: 0.000 | loss_rpn_box_reg: 0.000
  Batch 60: Total=0.0529 | loss_classifier: 0.001 | loss_box_reg: 0.003 | loss_mask: 0.049 | loss_objectness: 0.000 | loss_rpn_box_reg: 0.000
  Batch 80: Total=0.0662 | loss_classifier: 0.003 | loss_box_reg: 0.009 | loss_mask: 0.054 | loss_objectness: 0.000 | loss_rpn_box_reg: 0.000
  Batch 100: Total=0.1716 | loss_classifier: 0.037 | loss_box_reg: 0.048 | loss_mask: 0.084 | loss_objectness: 0.000 | loss_rpn_box_reg: 0.002
  Batch 120: Total=0.0590 | loss_classifier: 0.008 | loss_box_reg: 0.005 | loss_mask: 0.046 | loss_objectness: 0.000 | loss_rpn_box_reg: 0.000
  Batch 140: Total=0.0642 | loss_classifier: 0.001 | loss_box_reg: 0.008 | loss_mask: 0.055 | loss_objectness: 0.000 | loss_rpn_box_reg: 0.000
  Batch 160: Total=0.0609 | loss_classifier: 0.005 | loss_box_reg: 0.004 | loss_mask: 0.051 | loss_objectness: 0.000 | loss_rpn_box_reg: 0.000
  Batch 180: Total=0.0564 | loss_classifier: 0.001 | loss_box_reg: 0.005 | loss_mask: 0.051 | loss_objectness: 0.000 | loss_rpn_box_reg: 0.000
  Batch 200: Total=0.0819 | loss_classifier: 0.001 | loss_box_reg: 0.004 | loss_mask: 0.076 | loss_objectness: 0.000 | loss_rpn_box_reg: 0.001
  Batch 220: Total=0.0599 | loss_classifier: 0.007 | loss_box_reg: 0.003 | loss_mask: 0.050 | loss_objectness: 0.000 | loss_rpn_box_reg: 0.000
  Batch 240: Total=0.0499 | loss_classifier: 0.004 | loss_box_reg: 0.006 | loss_mask: 0.040 | loss_objectness: 0.000 | loss_rpn_box_reg: 0.000
  Batch 260: Total=0.0613 | loss_classifier: 0.008 | loss_box_reg: 0.007 | loss_mask: 0.047 | loss_objectness: 0.000 | loss_rpn_box_reg: 0.001
  Batch 280: Total=0.0613 | loss_classifier: 0.002 | loss_box_reg: 0.004 | loss_mask: 0.055 | loss_objectness: 0.000 | loss_rpn_box_reg: 0.001
  Batch 300: Total=0.0488 | loss_classifier: 0.002 | loss_box_reg: 0.004 | loss_mask: 0.043 | loss_objectness: 0.000 | loss_rpn_box_reg: 0.000
  Batch 320: Total=0.0559 | loss_classifier: 0.010 | loss_box_reg: 0.005 | loss_mask: 0.041 | loss_objectness: 0.000 | loss_rpn_box_reg: 0.000
  Batch 340: Total=0.0527 | loss_classifier: 0.002 | loss_box_reg: 0.003 | loss_mask: 0.048 | loss_objectness: 0.000 | loss_rpn_box_reg: 0.000
  Batch 360: Total=0.0743 | loss_classifier: 0.014 | loss_box_reg: 0.012 | loss_mask: 0.048 | loss_objectness: 0.000 | loss_rpn_box_reg: 0.000
  Batch 380: Total=0.0624 | loss_classifier: 0.011 | loss_box_reg: 0.003 | loss_mask: 0.048 | loss_objectness: 0.000 | loss_rpn_box_reg: 0.000
  Batch 400: Total=0.0622 | loss_classifier: 0.007 | loss_box_reg: 0.004 | loss_mask: 0.051 | loss_objectness: 0.000 | loss_rpn_box_reg: 0.000
Epoch 55 | Avg Loss: 0.0671 | LR: 0.000023

=== Epoch 56/100 ===
  Batch 20: Total=0.0749 | loss_classifier: 0.001 | loss_box_reg: 0.007 | loss_mask: 0.067 | loss_objectness: 0.000 | loss_rpn_box_reg: 0.000
  Batch 40: Total=0.0635 | loss_classifier: 0.010 | loss_box_reg: 0.006 | loss_mask: 0.047 | loss_objectness: 0.000 | loss_rpn_box_reg: 0.001
  Batch 60: Total=0.0509 | loss_classifier: 0.003 | loss_box_reg: 0.002 | loss_mask: 0.045 | loss_objectness: 0.000 | loss_rpn_box_reg: 0.000
  Batch 80: Total=0.0636 | loss_classifier: 0.001 | loss_box_reg: 0.006 | loss_mask: 0.056 | loss_objectness: 0.000 | loss_rpn_box_reg: 0.000
  Batch 100: Total=0.0445 | loss_classifier: 0.003 | loss_box_reg: 0.003 | loss_mask: 0.039 | loss_objectness: 0.000 | loss_rpn_box_reg: 0.000
  Batch 120: Total=0.0517 | loss_classifier: 0.000 | loss_box_reg: 0.002 | loss_mask: 0.048 | loss_objectness: 0.000 | loss_rpn_box_reg: 0.001
  Batch 140: Total=0.0499 | loss_classifier: 0.001 | loss_box_reg: 0.003 | loss_mask: 0.045 | loss_objectness: 0.000 | loss_rpn_box_reg: 0.000
  Batch 160: Total=0.0858 | loss_classifier: 0.018 | loss_box_reg: 0.017 | loss_mask: 0.050 | loss_objectness: 0.000 | loss_rpn_box_reg: 0.000
  Batch 180: Total=0.0648 | loss_classifier: 0.009 | loss_box_reg: 0.008 | loss_mask: 0.048 | loss_objectness: 0.000 | loss_rpn_box_reg: 0.000
  Batch 200: Total=0.0691 | loss_classifier: 0.001 | loss_box_reg: 0.016 | loss_mask: 0.052 | loss_objectness: 0.000 | loss_rpn_box_reg: 0.000
  Batch 220: Total=0.0561 | loss_classifier: 0.004 | loss_box_reg: 0.004 | loss_mask: 0.049 | loss_objectness: 0.000 | loss_rpn_box_reg: 0.000
  Batch 240: Total=0.0471 | loss_classifier: 0.006 | loss_box_reg: 0.004 | loss_mask: 0.037 | loss_objectness: 0.000 | loss_rpn_box_reg: 0.000
  Batch 260: Total=0.0774 | loss_classifier: 0.003 | loss_box_reg: 0.011 | loss_mask: 0.063 | loss_objectness: 0.000 | loss_rpn_box_reg: 0.000
  Batch 280: Total=0.0548 | loss_classifier: 0.002 | loss_box_reg: 0.003 | loss_mask: 0.049 | loss_objectness: 0.000 | loss_rpn_box_reg: 0.000
  Batch 300: Total=0.0659 | loss_classifier: 0.007 | loss_box_reg: 0.009 | loss_mask: 0.050 | loss_objectness: 0.000 | loss_rpn_box_reg: 0.000
  Batch 320: Total=0.0496 | loss_classifier: 0.005 | loss_box_reg: 0.003 | loss_mask: 0.041 | loss_objectness: 0.000 | loss_rpn_box_reg: 0.000
  Batch 340: Total=0.0558 | loss_classifier: 0.002 | loss_box_reg: 0.007 | loss_mask: 0.047 | loss_objectness: 0.000 | loss_rpn_box_reg: 0.000
  Batch 360: Total=0.0800 | loss_classifier: 0.004 | loss_box_reg: 0.021 | loss_mask: 0.054 | loss_objectness: 0.000 | loss_rpn_box_reg: 0.001
  Batch 380: Total=0.0570 | loss_classifier: 0.003 | loss_box_reg: 0.006 | loss_mask: 0.048 | loss_objectness: 0.000 | loss_rpn_box_reg: 0.000
  Batch 400: Total=0.0558 | loss_classifier: 0.005 | loss_box_reg: 0.006 | loss_mask: 0.045 | loss_objectness: 0.000 | loss_rpn_box_reg: 0.000
Epoch 56 | Avg Loss: 0.0665 | LR: 0.000022

=== Epoch 57/100 ===
  Batch 20: Total=0.0879 | loss_classifier: 0.006 | loss_box_reg: 0.025 | loss_mask: 0.057 | loss_objectness: 0.000 | loss_rpn_box_reg: 0.000
  Batch 40: Total=0.0589 | loss_classifier: 0.005 | loss_box_reg: 0.002 | loss_mask: 0.052 | loss_objectness: 0.000 | loss_rpn_box_reg: 0.000
  Batch 60: Total=0.1091 | loss_classifier: 0.023 | loss_box_reg: 0.023 | loss_mask: 0.063 | loss_objectness: 0.000 | loss_rpn_box_reg: 0.001
  Batch 80: Total=0.1018 | loss_classifier: 0.012 | loss_box_reg: 0.019 | loss_mask: 0.070 | loss_objectness: 0.000 | loss_rpn_box_reg: 0.001
  Batch 100: Total=0.0709 | loss_classifier: 0.009 | loss_box_reg: 0.014 | loss_mask: 0.047 | loss_objectness: 0.000 | loss_rpn_box_reg: 0.000
  Batch 120: Total=0.0569 | loss_classifier: 0.004 | loss_box_reg: 0.003 | loss_mask: 0.050 | loss_objectness: 0.000 | loss_rpn_box_reg: 0.001
  Batch 140: Total=0.1044 | loss_classifier: 0.008 | loss_box_reg: 0.008 | loss_mask: 0.088 | loss_objectness: 0.000 | loss_rpn_box_reg: 0.000
  Batch 160: Total=0.0846 | loss_classifier: 0.006 | loss_box_reg: 0.007 | loss_mask: 0.072 | loss_objectness: 0.000 | loss_rpn_box_reg: 0.000
  Batch 180: Total=0.0467 | loss_classifier: 0.002 | loss_box_reg: 0.002 | loss_mask: 0.043 | loss_objectness: 0.000 | loss_rpn_box_reg: 0.000
  Batch 200: Total=0.0628 | loss_classifier: 0.002 | loss_box_reg: 0.006 | loss_mask: 0.055 | loss_objectness: 0.000 | loss_rpn_box_reg: 0.000
  Batch 220: Total=0.0649 | loss_classifier: 0.002 | loss_box_reg: 0.003 | loss_mask: 0.060 | loss_objectness: 0.000 | loss_rpn_box_reg: 0.000
  Batch 240: Total=0.0349 | loss_classifier: 0.001 | loss_box_reg: 0.002 | loss_mask: 0.032 | loss_objectness: 0.000 | loss_rpn_box_reg: 0.000
  Batch 260: Total=0.0505 | loss_classifier: 0.001 | loss_box_reg: 0.007 | loss_mask: 0.042 | loss_objectness: 0.000 | loss_rpn_box_reg: 0.000
  Batch 280: Total=0.0539 | loss_classifier: 0.003 | loss_box_reg: 0.004 | loss_mask: 0.047 | loss_objectness: 0.000 | loss_rpn_box_reg: 0.000
  Batch 300: Total=0.0720 | loss_classifier: 0.004 | loss_box_reg: 0.015 | loss_mask: 0.053 | loss_objectness: 0.000 | loss_rpn_box_reg: 0.000
  Batch 320: Total=0.0519 | loss_classifier: 0.001 | loss_box_reg: 0.005 | loss_mask: 0.046 | loss_objectness: 0.000 | loss_rpn_box_reg: 0.000
  Batch 340: Total=0.0547 | loss_classifier: 0.001 | loss_box_reg: 0.005 | loss_mask: 0.049 | loss_objectness: 0.000 | loss_rpn_box_reg: 0.000
  Batch 360: Total=0.0643 | loss_classifier: 0.000 | loss_box_reg: 0.003 | loss_mask: 0.060 | loss_objectness: 0.000 | loss_rpn_box_reg: 0.001
  Batch 380: Total=0.0468 | loss_classifier: 0.006 | loss_box_reg: 0.002 | loss_mask: 0.039 | loss_objectness: 0.000 | loss_rpn_box_reg: 0.000
  Batch 400: Total=0.0627 | loss_classifier: 0.006 | loss_box_reg: 0.003 | loss_mask: 0.053 | loss_objectness: 0.000 | loss_rpn_box_reg: 0.000
Epoch 57 | Avg Loss: 0.0653 | LR: 0.000021

=== Epoch 58/100 ===
  Batch 20: Total=0.1274 | loss_classifier: 0.010 | loss_box_reg: 0.047 | loss_mask: 0.070 | loss_objectness: 0.000 | loss_rpn_box_reg: 0.001
  Batch 40: Total=0.0725 | loss_classifier: 0.004 | loss_box_reg: 0.011 | loss_mask: 0.058 | loss_objectness: 0.000 | loss_rpn_box_reg: 0.000
  Batch 60: Total=0.0570 | loss_classifier: 0.008 | loss_box_reg: 0.006 | loss_mask: 0.042 | loss_objectness: 0.000 | loss_rpn_box_reg: 0.001
  Batch 80: Total=0.0985 | loss_classifier: 0.007 | loss_box_reg: 0.022 | loss_mask: 0.069 | loss_objectness: 0.000 | loss_rpn_box_reg: 0.001
  Batch 100: Total=0.0748 | loss_classifier: 0.003 | loss_box_reg: 0.016 | loss_mask: 0.055 | loss_objectness: 0.000 | loss_rpn_box_reg: 0.000
  Batch 120: Total=0.0574 | loss_classifier: 0.000 | loss_box_reg: 0.003 | loss_mask: 0.054 | loss_objectness: 0.000 | loss_rpn_box_reg: 0.000
  Batch 140: Total=0.0736 | loss_classifier: 0.002 | loss_box_reg: 0.004 | loss_mask: 0.065 | loss_objectness: 0.000 | loss_rpn_box_reg: 0.002
  Batch 160: Total=0.0462 | loss_classifier: 0.001 | loss_box_reg: 0.003 | loss_mask: 0.043 | loss_objectness: 0.000 | loss_rpn_box_reg: 0.000
  Batch 180: Total=0.0511 | loss_classifier: 0.000 | loss_box_reg: 0.007 | loss_mask: 0.043 | loss_objectness: 0.000 | loss_rpn_box_reg: 0.001
  Batch 200: Total=0.0633 | loss_classifier: 0.007 | loss_box_reg: 0.004 | loss_mask: 0.053 | loss_objectness: 0.000 | loss_rpn_box_reg: 0.000
  Batch 220: Total=0.0735 | loss_classifier: 0.011 | loss_box_reg: 0.008 | loss_mask: 0.054 | loss_objectness: 0.000 | loss_rpn_box_reg: 0.000
  Batch 240: Total=0.0538 | loss_classifier: 0.005 | loss_box_reg: 0.003 | loss_mask: 0.045 | loss_objectness: 0.000 | loss_rpn_box_reg: 0.000
  Batch 260: Total=0.0732 | loss_classifier: 0.002 | loss_box_reg: 0.010 | loss_mask: 0.062 | loss_objectness: 0.000 | loss_rpn_box_reg: 0.000
  Batch 280: Total=0.0517 | loss_classifier: 0.001 | loss_box_reg: 0.003 | loss_mask: 0.048 | loss_objectness: 0.000 | loss_rpn_box_reg: 0.000
  Batch 300: Total=0.0921 | loss_classifier: 0.008 | loss_box_reg: 0.005 | loss_mask: 0.080 | loss_objectness: 0.000 | loss_rpn_box_reg: 0.000
  Batch 320: Total=0.0582 | loss_classifier: 0.002 | loss_box_reg: 0.008 | loss_mask: 0.048 | loss_objectness: 0.000 | loss_rpn_box_reg: 0.000
  Batch 340: Total=0.0631 | loss_classifier: 0.007 | loss_box_reg: 0.003 | loss_mask: 0.053 | loss_objectness: 0.000 | loss_rpn_box_reg: 0.001
  Batch 360: Total=0.0672 | loss_classifier: 0.008 | loss_box_reg: 0.003 | loss_mask: 0.056 | loss_objectness: 0.000 | loss_rpn_box_reg: 0.000
  Batch 380: Total=0.0590 | loss_classifier: 0.008 | loss_box_reg: 0.003 | loss_mask: 0.048 | loss_objectness: 0.000 | loss_rpn_box_reg: 0.000
  Batch 400: Total=0.0543 | loss_classifier: 0.002 | loss_box_reg: 0.005 | loss_mask: 0.046 | loss_objectness: 0.000 | loss_rpn_box_reg: 0.001
Epoch 58 | Avg Loss: 0.0646 | LR: 0.000020

=== Epoch 59/100 ===
  Batch 20: Total=0.0512 | loss_classifier: 0.003 | loss_box_reg: 0.003 | loss_mask: 0.045 | loss_objectness: 0.000 | loss_rpn_box_reg: 0.000
  Batch 40: Total=0.0988 | loss_classifier: 0.006 | loss_box_reg: 0.004 | loss_mask: 0.089 | loss_objectness: 0.000 | loss_rpn_box_reg: 0.000
  Batch 60: Total=0.0717 | loss_classifier: 0.010 | loss_box_reg: 0.006 | loss_mask: 0.053 | loss_objectness: 0.003 | loss_rpn_box_reg: 0.000
  Batch 80: Total=0.0604 | loss_classifier: 0.002 | loss_box_reg: 0.003 | loss_mask: 0.055 | loss_objectness: 0.000 | loss_rpn_box_reg: 0.000
  Batch 100: Total=0.0619 | loss_classifier: 0.005 | loss_box_reg: 0.006 | loss_mask: 0.051 | loss_objectness: 0.000 | loss_rpn_box_reg: 0.000
  Batch 120: Total=0.0644 | loss_classifier: 0.003 | loss_box_reg: 0.009 | loss_mask: 0.053 | loss_objectness: 0.000 | loss_rpn_box_reg: 0.000
  Batch 140: Total=0.0467 | loss_classifier: 0.000 | loss_box_reg: 0.005 | loss_mask: 0.042 | loss_objectness: 0.000 | loss_rpn_box_reg: 0.000
  Batch 160: Total=0.0514 | loss_classifier: 0.000 | loss_box_reg: 0.004 | loss_mask: 0.047 | loss_objectness: 0.000 | loss_rpn_box_reg: 0.000
  Batch 180: Total=0.0561 | loss_classifier: 0.007 | loss_box_reg: 0.002 | loss_mask: 0.047 | loss_objectness: 0.000 | loss_rpn_box_reg: 0.000
  Batch 200: Total=0.0447 | loss_classifier: 0.000 | loss_box_reg: 0.002 | loss_mask: 0.042 | loss_objectness: 0.000 | loss_rpn_box_reg: 0.000
  Batch 220: Total=0.0662 | loss_classifier: 0.002 | loss_box_reg: 0.011 | loss_mask: 0.052 | loss_objectness: 0.000 | loss_rpn_box_reg: 0.000
  Batch 240: Total=0.0552 | loss_classifier: 0.006 | loss_box_reg: 0.004 | loss_mask: 0.045 | loss_objectness: 0.000 | loss_rpn_box_reg: 0.000
  Batch 260: Total=0.0700 | loss_classifier: 0.002 | loss_box_reg: 0.009 | loss_mask: 0.059 | loss_objectness: 0.000 | loss_rpn_box_reg: 0.000
  Batch 280: Total=0.0597 | loss_classifier: 0.003 | loss_box_reg: 0.002 | loss_mask: 0.055 | loss_objectness: 0.000 | loss_rpn_box_reg: 0.000
  Batch 300: Total=0.0590 | loss_classifier: 0.001 | loss_box_reg: 0.003 | loss_mask: 0.054 | loss_objectness: 0.000 | loss_rpn_box_reg: 0.000
  Batch 320: Total=0.0495 | loss_classifier: 0.002 | loss_box_reg: 0.002 | loss_mask: 0.045 | loss_objectness: 0.000 | loss_rpn_box_reg: 0.000
  Batch 340: Total=0.0677 | loss_classifier: 0.007 | loss_box_reg: 0.003 | loss_mask: 0.058 | loss_objectness: 0.000 | loss_rpn_box_reg: 0.000
  Batch 360: Total=0.0593 | loss_classifier: 0.002 | loss_box_reg: 0.004 | loss_mask: 0.052 | loss_objectness: 0.000 | loss_rpn_box_reg: 0.000
  Batch 380: Total=0.0461 | loss_classifier: 0.000 | loss_box_reg: 0.004 | loss_mask: 0.041 | loss_objectness: 0.000 | loss_rpn_box_reg: 0.000
  Batch 400: Total=0.0521 | loss_classifier: 0.003 | loss_box_reg: 0.002 | loss_mask: 0.047 | loss_objectness: 0.000 | loss_rpn_box_reg: 0.000
Epoch 59 | Avg Loss: 0.0632 | LR: 0.000020

=== Epoch 60/100 ===
  Batch 20: Total=0.0505 | loss_classifier: 0.000 | loss_box_reg: 0.003 | loss_mask: 0.047 | loss_objectness: 0.000 | loss_rpn_box_reg: 0.000
  Batch 40: Total=0.0515 | loss_classifier: 0.000 | loss_box_reg: 0.003 | loss_mask: 0.049 | loss_objectness: 0.000 | loss_rpn_box_reg: 0.000
  Batch 60: Total=0.0633 | loss_classifier: 0.003 | loss_box_reg: 0.004 | loss_mask: 0.056 | loss_objectness: 0.000 | loss_rpn_box_reg: 0.000
  Batch 80: Total=0.1202 | loss_classifier: 0.024 | loss_box_reg: 0.027 | loss_mask: 0.067 | loss_objectness: 0.000 | loss_rpn_box_reg: 0.002
  Batch 100: Total=0.0701 | loss_classifier: 0.006 | loss_box_reg: 0.010 | loss_mask: 0.054 | loss_objectness: 0.000 | loss_rpn_box_reg: 0.000
  Batch 120: Total=0.0925 | loss_classifier: 0.003 | loss_box_reg: 0.003 | loss_mask: 0.086 | loss_objectness: 0.000 | loss_rpn_box_reg: 0.000
  Batch 140: Total=0.0506 | loss_classifier: 0.002 | loss_box_reg: 0.002 | loss_mask: 0.046 | loss_objectness: 0.000 | loss_rpn_box_reg: 0.000
  Batch 160: Total=0.0491 | loss_classifier: 0.001 | loss_box_reg: 0.002 | loss_mask: 0.047 | loss_objectness: 0.000 | loss_rpn_box_reg: 0.000
  Batch 180: Total=0.0588 | loss_classifier: 0.001 | loss_box_reg: 0.003 | loss_mask: 0.054 | loss_objectness: 0.000 | loss_rpn_box_reg: 0.000
  Batch 200: Total=0.0767 | loss_classifier: 0.014 | loss_box_reg: 0.012 | loss_mask: 0.050 | loss_objectness: 0.000 | loss_rpn_box_reg: 0.000
  Batch 220: Total=0.0679 | loss_classifier: 0.014 | loss_box_reg: 0.004 | loss_mask: 0.050 | loss_objectness: 0.000 | loss_rpn_box_reg: 0.000
  Batch 240: Total=0.0521 | loss_classifier: 0.000 | loss_box_reg: 0.003 | loss_mask: 0.049 | loss_objectness: 0.000 | loss_rpn_box_reg: 0.000
  Batch 260: Total=0.0591 | loss_classifier: 0.004 | loss_box_reg: 0.005 | loss_mask: 0.051 | loss_objectness: 0.000 | loss_rpn_box_reg: 0.000
  Batch 280: Total=0.0547 | loss_classifier: 0.001 | loss_box_reg: 0.004 | loss_mask: 0.049 | loss_objectness: 0.000 | loss_rpn_box_reg: 0.000
  Batch 300: Total=0.0635 | loss_classifier: 0.001 | loss_box_reg: 0.002 | loss_mask: 0.060 | loss_objectness: 0.000 | loss_rpn_box_reg: 0.000
  Batch 320: Total=0.0497 | loss_classifier: 0.000 | loss_box_reg: 0.002 | loss_mask: 0.047 | loss_objectness: 0.000 | loss_rpn_box_reg: 0.000
  Batch 340: Total=0.0578 | loss_classifier: 0.002 | loss_box_reg: 0.005 | loss_mask: 0.050 | loss_objectness: 0.000 | loss_rpn_box_reg: 0.000
  Batch 360: Total=0.0504 | loss_classifier: 0.004 | loss_box_reg: 0.003 | loss_mask: 0.044 | loss_objectness: 0.000 | loss_rpn_box_reg: 0.000
  Batch 380: Total=0.0601 | loss_classifier: 0.001 | loss_box_reg: 0.006 | loss_mask: 0.051 | loss_objectness: 0.000 | loss_rpn_box_reg: 0.002
  Batch 400: Total=0.1031 | loss_classifier: 0.016 | loss_box_reg: 0.024 | loss_mask: 0.062 | loss_objectness: 0.000 | loss_rpn_box_reg: 0.001
Epoch 60 | Avg Loss: 0.0628 | LR: 0.000019

=== Epoch 61/100 ===
  Batch 20: Total=0.0653 | loss_classifier: 0.003 | loss_box_reg: 0.003 | loss_mask: 0.059 | loss_objectness: 0.000 | loss_rpn_box_reg: 0.000
  Batch 40: Total=0.0536 | loss_classifier: 0.002 | loss_box_reg: 0.006 | loss_mask: 0.046 | loss_objectness: 0.000 | loss_rpn_box_reg: 0.000
  Batch 60: Total=0.0607 | loss_classifier: 0.004 | loss_box_reg: 0.005 | loss_mask: 0.052 | loss_objectness: 0.000 | loss_rpn_box_reg: 0.000
  Batch 80: Total=0.0500 | loss_classifier: 0.001 | loss_box_reg: 0.003 | loss_mask: 0.045 | loss_objectness: 0.000 | loss_rpn_box_reg: 0.000
  Batch 100: Total=0.0604 | loss_classifier: 0.002 | loss_box_reg: 0.003 | loss_mask: 0.055 | loss_objectness: 0.000 | loss_rpn_box_reg: 0.001
  Batch 120: Total=0.0628 | loss_classifier: 0.003 | loss_box_reg: 0.005 | loss_mask: 0.055 | loss_objectness: 0.000 | loss_rpn_box_reg: 0.000
  Batch 140: Total=0.0602 | loss_classifier: 0.005 | loss_box_reg: 0.010 | loss_mask: 0.045 | loss_objectness: 0.000 | loss_rpn_box_reg: 0.000
  Batch 160: Total=0.0588 | loss_classifier: 0.005 | loss_box_reg: 0.003 | loss_mask: 0.050 | loss_objectness: 0.000 | loss_rpn_box_reg: 0.000
  Batch 180: Total=0.0994 | loss_classifier: 0.014 | loss_box_reg: 0.012 | loss_mask: 0.072 | loss_objectness: 0.000 | loss_rpn_box_reg: 0.001
  Batch 200: Total=0.0610 | loss_classifier: 0.004 | loss_box_reg: 0.007 | loss_mask: 0.049 | loss_objectness: 0.000 | loss_rpn_box_reg: 0.000
  Batch 220: Total=0.0587 | loss_classifier: 0.002 | loss_box_reg: 0.003 | loss_mask: 0.054 | loss_objectness: 0.000 | loss_rpn_box_reg: 0.000
  Batch 240: Total=0.0417 | loss_classifier: 0.000 | loss_box_reg: 0.002 | loss_mask: 0.040 | loss_objectness: 0.000 | loss_rpn_box_reg: 0.000
  Batch 260: Total=0.0595 | loss_classifier: 0.005 | loss_box_reg: 0.004 | loss_mask: 0.050 | loss_objectness: 0.000 | loss_rpn_box_reg: 0.000
  Batch 280: Total=0.0539 | loss_classifier: 0.005 | loss_box_reg: 0.002 | loss_mask: 0.047 | loss_objectness: 0.000 | loss_rpn_box_reg: 0.000
  Batch 300: Total=0.0494 | loss_classifier: 0.004 | loss_box_reg: 0.004 | loss_mask: 0.042 | loss_objectness: 0.000 | loss_rpn_box_reg: 0.000
  Batch 320: Total=0.0530 | loss_classifier: 0.000 | loss_box_reg: 0.004 | loss_mask: 0.049 | loss_objectness: 0.000 | loss_rpn_box_reg: 0.000
  Batch 340: Total=0.0610 | loss_classifier: 0.001 | loss_box_reg: 0.007 | loss_mask: 0.054 | loss_objectness: 0.000 | loss_rpn_box_reg: 0.000
  Batch 360: Total=0.0543 | loss_classifier: 0.003 | loss_box_reg: 0.004 | loss_mask: 0.047 | loss_objectness: 0.000 | loss_rpn_box_reg: 0.000
  Batch 380: Total=0.0601 | loss_classifier: 0.001 | loss_box_reg: 0.003 | loss_mask: 0.056 | loss_objectness: 0.000 | loss_rpn_box_reg: 0.000
  Batch 400: Total=0.0784 | loss_classifier: 0.013 | loss_box_reg: 0.013 | loss_mask: 0.052 | loss_objectness: 0.000 | loss_rpn_box_reg: 0.001
Epoch 61 | Avg Loss: 0.0621 | LR: 0.000018

=== Epoch 62/100 ===
  Batch 20: Total=0.0713 | loss_classifier: 0.008 | loss_box_reg: 0.009 | loss_mask: 0.053 | loss_objectness: 0.001 | loss_rpn_box_reg: 0.000
  Batch 40: Total=0.0620 | loss_classifier: 0.001 | loss_box_reg: 0.004 | loss_mask: 0.056 | loss_objectness: 0.000 | loss_rpn_box_reg: 0.000
  Batch 60: Total=0.0786 | loss_classifier: 0.000 | loss_box_reg: 0.006 | loss_mask: 0.072 | loss_objectness: 0.000 | loss_rpn_box_reg: 0.000
  Batch 80: Total=0.0571 | loss_classifier: 0.001 | loss_box_reg: 0.004 | loss_mask: 0.052 | loss_objectness: 0.000 | loss_rpn_box_reg: 0.000
  Batch 100: Total=0.0699 | loss_classifier: 0.004 | loss_box_reg: 0.002 | loss_mask: 0.063 | loss_objectness: 0.000 | loss_rpn_box_reg: 0.001
  Batch 120: Total=0.0560 | loss_classifier: 0.000 | loss_box_reg: 0.004 | loss_mask: 0.052 | loss_objectness: 0.000 | loss_rpn_box_reg: 0.000
  Batch 140: Total=0.0679 | loss_classifier: 0.008 | loss_box_reg: 0.003 | loss_mask: 0.058 | loss_objectness: 0.000 | loss_rpn_box_reg: 0.000
  Batch 160: Total=0.0431 | loss_classifier: 0.001 | loss_box_reg: 0.003 | loss_mask: 0.039 | loss_objectness: 0.000 | loss_rpn_box_reg: 0.000
  Batch 180: Total=0.0887 | loss_classifier: 0.008 | loss_box_reg: 0.010 | loss_mask: 0.070 | loss_objectness: 0.000 | loss_rpn_box_reg: 0.001
  Batch 200: Total=0.0792 | loss_classifier: 0.007 | loss_box_reg: 0.003 | loss_mask: 0.070 | loss_objectness: 0.000 | loss_rpn_box_reg: 0.000
  Batch 220: Total=0.0610 | loss_classifier: 0.007 | loss_box_reg: 0.004 | loss_mask: 0.049 | loss_objectness: 0.000 | loss_rpn_box_reg: 0.000
  Batch 240: Total=0.0587 | loss_classifier: 0.004 | loss_box_reg: 0.003 | loss_mask: 0.052 | loss_objectness: 0.000 | loss_rpn_box_reg: 0.000
  Batch 260: Total=0.0506 | loss_classifier: 0.002 | loss_box_reg: 0.003 | loss_mask: 0.045 | loss_objectness: 0.000 | loss_rpn_box_reg: 0.000
  Batch 280: Total=0.0602 | loss_classifier: 0.001 | loss_box_reg: 0.004 | loss_mask: 0.055 | loss_objectness: 0.000 | loss_rpn_box_reg: 0.001
  Batch 300: Total=0.0803 | loss_classifier: 0.002 | loss_box_reg: 0.005 | loss_mask: 0.073 | loss_objectness: 0.000 | loss_rpn_box_reg: 0.000
  Batch 320: Total=0.0511 | loss_classifier: 0.002 | loss_box_reg: 0.004 | loss_mask: 0.044 | loss_objectness: 0.000 | loss_rpn_box_reg: 0.000
  Batch 340: Total=0.0666 | loss_classifier: 0.006 | loss_box_reg: 0.006 | loss_mask: 0.055 | loss_objectness: 0.000 | loss_rpn_box_reg: 0.000
  Batch 360: Total=0.0616 | loss_classifier: 0.005 | loss_box_reg: 0.006 | loss_mask: 0.050 | loss_objectness: 0.000 | loss_rpn_box_reg: 0.000
  Batch 380: Total=0.0997 | loss_classifier: 0.018 | loss_box_reg: 0.030 | loss_mask: 0.052 | loss_objectness: 0.000 | loss_rpn_box_reg: 0.000
  Batch 400: Total=0.0554 | loss_classifier: 0.003 | loss_box_reg: 0.004 | loss_mask: 0.049 | loss_objectness: 0.000 | loss_rpn_box_reg: 0.000
Epoch 62 | Avg Loss: 0.0622 | LR: 0.000017

=== Epoch 63/100 ===
  Batch 20: Total=0.0495 | loss_classifier: 0.003 | loss_box_reg: 0.003 | loss_mask: 0.044 | loss_objectness: 0.000 | loss_rpn_box_reg: 0.000
  Batch 40: Total=0.0583 | loss_classifier: 0.007 | loss_box_reg: 0.003 | loss_mask: 0.049 | loss_objectness: 0.000 | loss_rpn_box_reg: 0.000
  Batch 60: Total=0.0516 | loss_classifier: 0.001 | loss_box_reg: 0.005 | loss_mask: 0.045 | loss_objectness: 0.000 | loss_rpn_box_reg: 0.000
  Batch 80: Total=0.0522 | loss_classifier: 0.003 | loss_box_reg: 0.002 | loss_mask: 0.047 | loss_objectness: 0.000 | loss_rpn_box_reg: 0.000
  Batch 100: Total=0.0748 | loss_classifier: 0.001 | loss_box_reg: 0.002 | loss_mask: 0.067 | loss_objectness: 0.001 | loss_rpn_box_reg: 0.003
  Batch 120: Total=0.0746 | loss_classifier: 0.008 | loss_box_reg: 0.013 | loss_mask: 0.053 | loss_objectness: 0.000 | loss_rpn_box_reg: 0.000
  Batch 140: Total=0.0623 | loss_classifier: 0.004 | loss_box_reg: 0.007 | loss_mask: 0.052 | loss_objectness: 0.000 | loss_rpn_box_reg: 0.000
  Batch 160: Total=0.0534 | loss_classifier: 0.003 | loss_box_reg: 0.004 | loss_mask: 0.046 | loss_objectness: 0.000 | loss_rpn_box_reg: 0.000
  Batch 180: Total=0.0540 | loss_classifier: 0.002 | loss_box_reg: 0.002 | loss_mask: 0.050 | loss_objectness: 0.000 | loss_rpn_box_reg: 0.000
  Batch 200: Total=0.0772 | loss_classifier: 0.001 | loss_box_reg: 0.005 | loss_mask: 0.071 | loss_objectness: 0.000 | loss_rpn_box_reg: 0.000
  Batch 220: Total=0.0680 | loss_classifier: 0.003 | loss_box_reg: 0.008 | loss_mask: 0.057 | loss_objectness: 0.000 | loss_rpn_box_reg: 0.001
  Batch 240: Total=0.0545 | loss_classifier: 0.005 | loss_box_reg: 0.004 | loss_mask: 0.046 | loss_objectness: 0.000 | loss_rpn_box_reg: 0.000
  Batch 260: Total=0.0607 | loss_classifier: 0.004 | loss_box_reg: 0.003 | loss_mask: 0.054 | loss_objectness: 0.000 | loss_rpn_box_reg: 0.000
  Batch 280: Total=0.0552 | loss_classifier: 0.007 | loss_box_reg: 0.005 | loss_mask: 0.043 | loss_objectness: 0.000 | loss_rpn_box_reg: 0.000
  Batch 300: Total=0.0588 | loss_classifier: 0.001 | loss_box_reg: 0.006 | loss_mask: 0.051 | loss_objectness: 0.000 | loss_rpn_box_reg: 0.000
  Batch 320: Total=0.0547 | loss_classifier: 0.003 | loss_box_reg: 0.002 | loss_mask: 0.049 | loss_objectness: 0.000 | loss_rpn_box_reg: 0.000
  Batch 340: Total=0.0471 | loss_classifier: 0.001 | loss_box_reg: 0.004 | loss_mask: 0.042 | loss_objectness: 0.000 | loss_rpn_box_reg: 0.000
  Batch 360: Total=0.0513 | loss_classifier: 0.002 | loss_box_reg: 0.002 | loss_mask: 0.048 | loss_objectness: 0.000 | loss_rpn_box_reg: 0.000
  Batch 380: Total=0.0559 | loss_classifier: 0.003 | loss_box_reg: 0.003 | loss_mask: 0.051 | loss_objectness: 0.000 | loss_rpn_box_reg: 0.000
  Batch 400: Total=0.0737 | loss_classifier: 0.003 | loss_box_reg: 0.003 | loss_mask: 0.068 | loss_objectness: 0.000 | loss_rpn_box_reg: 0.000
Epoch 63 | Avg Loss: 0.0613 | LR: 0.000017

=== Epoch 64/100 ===
  Batch 20: Total=0.0484 | loss_classifier: 0.001 | loss_box_reg: 0.003 | loss_mask: 0.044 | loss_objectness: 0.000 | loss_rpn_box_reg: 0.000
  Batch 40: Total=0.0547 | loss_classifier: 0.003 | loss_box_reg: 0.003 | loss_mask: 0.049 | loss_objectness: 0.000 | loss_rpn_box_reg: 0.000
  Batch 60: Total=0.0501 | loss_classifier: 0.003 | loss_box_reg: 0.003 | loss_mask: 0.044 | loss_objectness: 0.000 | loss_rpn_box_reg: 0.000
  Batch 80: Total=0.0533 | loss_classifier: 0.000 | loss_box_reg: 0.002 | loss_mask: 0.051 | loss_objectness: 0.000 | loss_rpn_box_reg: 0.000
  Batch 100: Total=0.0567 | loss_classifier: 0.007 | loss_box_reg: 0.002 | loss_mask: 0.048 | loss_objectness: 0.000 | loss_rpn_box_reg: 0.000
  Batch 120: Total=0.0536 | loss_classifier: 0.001 | loss_box_reg: 0.003 | loss_mask: 0.049 | loss_objectness: 0.000 | loss_rpn_box_reg: 0.000
  Batch 140: Total=0.0523 | loss_classifier: 0.001 | loss_box_reg: 0.004 | loss_mask: 0.048 | loss_objectness: 0.000 | loss_rpn_box_reg: 0.000
  Batch 160: Total=0.0541 | loss_classifier: 0.001 | loss_box_reg: 0.002 | loss_mask: 0.051 | loss_objectness: 0.000 | loss_rpn_box_reg: 0.000
  Batch 180: Total=0.1127 | loss_classifier: 0.024 | loss_box_reg: 0.023 | loss_mask: 0.065 | loss_objectness: 0.000 | loss_rpn_box_reg: 0.001
  Batch 200: Total=0.1404 | loss_classifier: 0.029 | loss_box_reg: 0.032 | loss_mask: 0.078 | loss_objectness: 0.000 | loss_rpn_box_reg: 0.001
  Batch 220: Total=0.0630 | loss_classifier: 0.004 | loss_box_reg: 0.004 | loss_mask: 0.055 | loss_objectness: 0.000 | loss_rpn_box_reg: 0.000
  Batch 240: Total=0.0473 | loss_classifier: 0.002 | loss_box_reg: 0.002 | loss_mask: 0.043 | loss_objectness: 0.000 | loss_rpn_box_reg: 0.000
  Batch 260: Total=0.0593 | loss_classifier: 0.005 | loss_box_reg: 0.002 | loss_mask: 0.052 | loss_objectness: 0.000 | loss_rpn_box_reg: 0.000
  Batch 280: Total=0.0553 | loss_classifier: 0.002 | loss_box_reg: 0.002 | loss_mask: 0.051 | loss_objectness: 0.000 | loss_rpn_box_reg: 0.000
  Batch 300: Total=0.0442 | loss_classifier: 0.000 | loss_box_reg: 0.003 | loss_mask: 0.040 | loss_objectness: 0.000 | loss_rpn_box_reg: 0.000
  Batch 320: Total=0.0464 | loss_classifier: 0.000 | loss_box_reg: 0.002 | loss_mask: 0.044 | loss_objectness: 0.000 | loss_rpn_box_reg: 0.000
  Batch 340: Total=0.0508 | loss_classifier: 0.000 | loss_box_reg: 0.004 | loss_mask: 0.047 | loss_objectness: 0.000 | loss_rpn_box_reg: 0.000
  Batch 360: Total=0.0544 | loss_classifier: 0.002 | loss_box_reg: 0.003 | loss_mask: 0.049 | loss_objectness: 0.000 | loss_rpn_box_reg: 0.000
  Batch 380: Total=0.0665 | loss_classifier: 0.009 | loss_box_reg: 0.011 | loss_mask: 0.046 | loss_objectness: 0.000 | loss_rpn_box_reg: 0.000
  Batch 400: Total=0.0543 | loss_classifier: 0.001 | loss_box_reg: 0.002 | loss_mask: 0.051 | loss_objectness: 0.000 | loss_rpn_box_reg: 0.000
Epoch 64 | Avg Loss: 0.0606 | LR: 0.000016

=== Epoch 65/100 ===
  Batch 20: Total=0.0842 | loss_classifier: 0.007 | loss_box_reg: 0.020 | loss_mask: 0.058 | loss_objectness: 0.000 | loss_rpn_box_reg: 0.000
  Batch 40: Total=0.0580 | loss_classifier: 0.005 | loss_box_reg: 0.008 | loss_mask: 0.045 | loss_objectness: 0.000 | loss_rpn_box_reg: 0.000
  Batch 60: Total=0.1161 | loss_classifier: 0.004 | loss_box_reg: 0.010 | loss_mask: 0.095 | loss_objectness: 0.006 | loss_rpn_box_reg: 0.001
  Batch 80: Total=0.0479 | loss_classifier: 0.001 | loss_box_reg: 0.002 | loss_mask: 0.045 | loss_objectness: 0.000 | loss_rpn_box_reg: 0.000
  Batch 100: Total=0.0637 | loss_classifier: 0.004 | loss_box_reg: 0.011 | loss_mask: 0.048 | loss_objectness: 0.000 | loss_rpn_box_reg: 0.000
  Batch 120: Total=0.0525 | loss_classifier: 0.001 | loss_box_reg: 0.004 | loss_mask: 0.047 | loss_objectness: 0.000 | loss_rpn_box_reg: 0.000
  Batch 140: Total=0.0471 | loss_classifier: 0.004 | loss_box_reg: 0.003 | loss_mask: 0.040 | loss_objectness: 0.000 | loss_rpn_box_reg: 0.000
  Batch 160: Total=0.0509 | loss_classifier: 0.003 | loss_box_reg: 0.002 | loss_mask: 0.046 | loss_objectness: 0.000 | loss_rpn_box_reg: 0.000
  Batch 180: Total=0.0492 | loss_classifier: 0.002 | loss_box_reg: 0.005 | loss_mask: 0.043 | loss_objectness: 0.000 | loss_rpn_box_reg: 0.000
  Batch 200: Total=0.0592 | loss_classifier: 0.005 | loss_box_reg: 0.006 | loss_mask: 0.048 | loss_objectness: 0.000 | loss_rpn_box_reg: 0.000
  Batch 220: Total=0.0480 | loss_classifier: 0.002 | loss_box_reg: 0.002 | loss_mask: 0.043 | loss_objectness: 0.000 | loss_rpn_box_reg: 0.000
  Batch 240: Total=0.0556 | loss_classifier: 0.002 | loss_box_reg: 0.006 | loss_mask: 0.047 | loss_objectness: 0.000 | loss_rpn_box_reg: 0.000
  Batch 260: Total=0.0574 | loss_classifier: 0.000 | loss_box_reg: 0.003 | loss_mask: 0.054 | loss_objectness: 0.000 | loss_rpn_box_reg: 0.000
  Batch 280: Total=0.0719 | loss_classifier: 0.015 | loss_box_reg: 0.009 | loss_mask: 0.048 | loss_objectness: 0.000 | loss_rpn_box_reg: 0.000
  Batch 300: Total=0.0696 | loss_classifier: 0.015 | loss_box_reg: 0.003 | loss_mask: 0.051 | loss_objectness: 0.000 | loss_rpn_box_reg: 0.001
  Batch 320: Total=0.0497 | loss_classifier: 0.005 | loss_box_reg: 0.004 | loss_mask: 0.041 | loss_objectness: 0.000 | loss_rpn_box_reg: 0.000
  Batch 340: Total=0.0633 | loss_classifier: 0.003 | loss_box_reg: 0.008 | loss_mask: 0.047 | loss_objectness: 0.001 | loss_rpn_box_reg: 0.005
  Batch 360: Total=0.0553 | loss_classifier: 0.001 | loss_box_reg: 0.005 | loss_mask: 0.050 | loss_objectness: 0.000 | loss_rpn_box_reg: 0.000
  Batch 380: Total=0.0692 | loss_classifier: 0.001 | loss_box_reg: 0.002 | loss_mask: 0.066 | loss_objectness: 0.000 | loss_rpn_box_reg: 0.001
  Batch 400: Total=0.0550 | loss_classifier: 0.001 | loss_box_reg: 0.002 | loss_mask: 0.051 | loss_objectness: 0.000 | loss_rpn_box_reg: 0.000
Epoch 65 | Avg Loss: 0.0606 | LR: 0.000015

=== Epoch 66/100 ===
  Batch 20: Total=0.0562 | loss_classifier: 0.006 | loss_box_reg: 0.003 | loss_mask: 0.047 | loss_objectness: 0.000 | loss_rpn_box_reg: 0.000
  Batch 40: Total=0.0575 | loss_classifier: 0.005 | loss_box_reg: 0.005 | loss_mask: 0.047 | loss_objectness: 0.000 | loss_rpn_box_reg: 0.000
  Batch 60: Total=0.0638 | loss_classifier: 0.002 | loss_box_reg: 0.004 | loss_mask: 0.058 | loss_objectness: 0.000 | loss_rpn_box_reg: 0.000
  Batch 80: Total=0.0471 | loss_classifier: 0.004 | loss_box_reg: 0.002 | loss_mask: 0.041 | loss_objectness: 0.000 | loss_rpn_box_reg: 0.000
  Batch 100: Total=0.0533 | loss_classifier: 0.003 | loss_box_reg: 0.004 | loss_mask: 0.046 | loss_objectness: 0.000 | loss_rpn_box_reg: 0.000
  Batch 120: Total=0.0564 | loss_classifier: 0.004 | loss_box_reg: 0.001 | loss_mask: 0.052 | loss_objectness: 0.000 | loss_rpn_box_reg: 0.000
  Batch 140: Total=0.0532 | loss_classifier: 0.001 | loss_box_reg: 0.004 | loss_mask: 0.048 | loss_objectness: 0.000 | loss_rpn_box_reg: 0.000
  Batch 160: Total=0.0487 | loss_classifier: 0.002 | loss_box_reg: 0.002 | loss_mask: 0.045 | loss_objectness: 0.000 | loss_rpn_box_reg: 0.000
  Batch 180: Total=0.0512 | loss_classifier: 0.001 | loss_box_reg: 0.003 | loss_mask: 0.047 | loss_objectness: 0.000 | loss_rpn_box_reg: 0.000
  Batch 200: Total=0.0486 | loss_classifier: 0.003 | loss_box_reg: 0.004 | loss_mask: 0.042 | loss_objectness: 0.000 | loss_rpn_box_reg: 0.000
  Batch 220: Total=0.0478 | loss_classifier: 0.001 | loss_box_reg: 0.002 | loss_mask: 0.045 | loss_objectness: 0.000 | loss_rpn_box_reg: 0.000
  Batch 240: Total=0.0514 | loss_classifier: 0.000 | loss_box_reg: 0.002 | loss_mask: 0.048 | loss_objectness: 0.000 | loss_rpn_box_reg: 0.000
  Batch 260: Total=0.0476 | loss_classifier: 0.001 | loss_box_reg: 0.004 | loss_mask: 0.043 | loss_objectness: 0.000 | loss_rpn_box_reg: 0.000
  Batch 280: Total=0.0662 | loss_classifier: 0.004 | loss_box_reg: 0.010 | loss_mask: 0.052 | loss_objectness: 0.000 | loss_rpn_box_reg: 0.000
  Batch 300: Total=0.0596 | loss_classifier: 0.006 | loss_box_reg: 0.005 | loss_mask: 0.045 | loss_objectness: 0.003 | loss_rpn_box_reg: 0.000
  Batch 320: Total=0.0626 | loss_classifier: 0.004 | loss_box_reg: 0.002 | loss_mask: 0.057 | loss_objectness: 0.000 | loss_rpn_box_reg: 0.000
  Batch 340: Total=0.0606 | loss_classifier: 0.010 | loss_box_reg: 0.007 | loss_mask: 0.043 | loss_objectness: 0.000 | loss_rpn_box_reg: 0.000
  Batch 360: Total=0.0610 | loss_classifier: 0.003 | loss_box_reg: 0.004 | loss_mask: 0.055 | loss_objectness: 0.000 | loss_rpn_box_reg: 0.000
  Batch 380: Total=0.0727 | loss_classifier: 0.001 | loss_box_reg: 0.003 | loss_mask: 0.069 | loss_objectness: 0.000 | loss_rpn_box_reg: 0.000
  Batch 400: Total=0.0554 | loss_classifier: 0.004 | loss_box_reg: 0.004 | loss_mask: 0.047 | loss_objectness: 0.000 | loss_rpn_box_reg: 0.000
Epoch 66 | Avg Loss: 0.0598 | LR: 0.000014

=== Epoch 67/100 ===
  Batch 20: Total=0.0646 | loss_classifier: 0.001 | loss_box_reg: 0.003 | loss_mask: 0.061 | loss_objectness: 0.000 | loss_rpn_box_reg: 0.000
  Batch 40: Total=0.0490 | loss_classifier: 0.000 | loss_box_reg: 0.003 | loss_mask: 0.046 | loss_objectness: 0.000 | loss_rpn_box_reg: 0.000
  Batch 60: Total=0.0487 | loss_classifier: 0.002 | loss_box_reg: 0.003 | loss_mask: 0.043 | loss_objectness: 0.000 | loss_rpn_box_reg: 0.000
  Batch 80: Total=0.0468 | loss_classifier: 0.002 | loss_box_reg: 0.001 | loss_mask: 0.043 | loss_objectness: 0.000 | loss_rpn_box_reg: 0.000
  Batch 100: Total=0.0569 | loss_classifier: 0.002 | loss_box_reg: 0.002 | loss_mask: 0.053 | loss_objectness: 0.000 | loss_rpn_box_reg: 0.000
  Batch 120: Total=0.0555 | loss_classifier: 0.002 | loss_box_reg: 0.002 | loss_mask: 0.051 | loss_objectness: 0.000 | loss_rpn_box_reg: 0.000
  Batch 140: Total=0.0602 | loss_classifier: 0.005 | loss_box_reg: 0.002 | loss_mask: 0.053 | loss_objectness: 0.000 | loss_rpn_box_reg: 0.000
  Batch 160: Total=0.0480 | loss_classifier: 0.001 | loss_box_reg: 0.003 | loss_mask: 0.044 | loss_objectness: 0.000 | loss_rpn_box_reg: 0.000
  Batch 180: Total=0.0594 | loss_classifier: 0.014 | loss_box_reg: 0.005 | loss_mask: 0.040 | loss_objectness: 0.000 | loss_rpn_box_reg: 0.000
  Batch 200: Total=0.0549 | loss_classifier: 0.002 | loss_box_reg: 0.002 | loss_mask: 0.051 | loss_objectness: 0.000 | loss_rpn_box_reg: 0.000
  Batch 220: Total=0.0787 | loss_classifier: 0.006 | loss_box_reg: 0.006 | loss_mask: 0.067 | loss_objectness: 0.000 | loss_rpn_box_reg: 0.000
  Batch 240: Total=0.0706 | loss_classifier: 0.001 | loss_box_reg: 0.002 | loss_mask: 0.068 | loss_objectness: 0.000 | loss_rpn_box_reg: 0.000
  Batch 260: Total=0.0519 | loss_classifier: 0.000 | loss_box_reg: 0.003 | loss_mask: 0.049 | loss_objectness: 0.000 | loss_rpn_box_reg: 0.000
  Batch 280: Total=0.0636 | loss_classifier: 0.001 | loss_box_reg: 0.007 | loss_mask: 0.056 | loss_objectness: 0.000 | loss_rpn_box_reg: 0.000
  Batch 300: Total=0.0436 | loss_classifier: 0.001 | loss_box_reg: 0.003 | loss_mask: 0.040 | loss_objectness: 0.000 | loss_rpn_box_reg: 0.000
  Batch 320: Total=0.0506 | loss_classifier: 0.004 | loss_box_reg: 0.003 | loss_mask: 0.044 | loss_objectness: 0.000 | loss_rpn_box_reg: 0.000
  Batch 340: Total=0.0468 | loss_classifier: 0.002 | loss_box_reg: 0.003 | loss_mask: 0.042 | loss_objectness: 0.000 | loss_rpn_box_reg: 0.000
  Batch 360: Total=0.0845 | loss_classifier: 0.007 | loss_box_reg: 0.007 | loss_mask: 0.070 | loss_objectness: 0.000 | loss_rpn_box_reg: 0.000
  Batch 380: Total=0.0747 | loss_classifier: 0.003 | loss_box_reg: 0.005 | loss_mask: 0.066 | loss_objectness: 0.000 | loss_rpn_box_reg: 0.000
  Batch 400: Total=0.0633 | loss_classifier: 0.012 | loss_box_reg: 0.003 | loss_mask: 0.048 | loss_objectness: 0.000 | loss_rpn_box_reg: 0.000
Epoch 67 | Avg Loss: 0.0593 | LR: 0.000014

=== Epoch 68/100 ===
  Batch 20: Total=0.0752 | loss_classifier: 0.004 | loss_box_reg: 0.005 | loss_mask: 0.066 | loss_objectness: 0.000 | loss_rpn_box_reg: 0.000
  Batch 40: Total=0.0445 | loss_classifier: 0.001 | loss_box_reg: 0.005 | loss_mask: 0.039 | loss_objectness: 0.000 | loss_rpn_box_reg: 0.000
  Batch 60: Total=0.0720 | loss_classifier: 0.004 | loss_box_reg: 0.014 | loss_mask: 0.054 | loss_objectness: 0.000 | loss_rpn_box_reg: 0.000
  Batch 80: Total=0.0545 | loss_classifier: 0.003 | loss_box_reg: 0.003 | loss_mask: 0.049 | loss_objectness: 0.000 | loss_rpn_box_reg: 0.000
  Batch 100: Total=0.0553 | loss_classifier: 0.005 | loss_box_reg: 0.003 | loss_mask: 0.048 | loss_objectness: 0.000 | loss_rpn_box_reg: 0.000
  Batch 120: Total=0.0543 | loss_classifier: 0.002 | loss_box_reg: 0.002 | loss_mask: 0.050 | loss_objectness: 0.000 | loss_rpn_box_reg: 0.000
  Batch 140: Total=0.0642 | loss_classifier: 0.013 | loss_box_reg: 0.003 | loss_mask: 0.047 | loss_objectness: 0.000 | loss_rpn_box_reg: 0.000
  Batch 160: Total=0.0838 | loss_classifier: 0.010 | loss_box_reg: 0.020 | loss_mask: 0.054 | loss_objectness: 0.000 | loss_rpn_box_reg: 0.000
  Batch 180: Total=0.0516 | loss_classifier: 0.004 | loss_box_reg: 0.005 | loss_mask: 0.043 | loss_objectness: 0.000 | loss_rpn_box_reg: 0.000
  Batch 200: Total=0.0754 | loss_classifier: 0.002 | loss_box_reg: 0.003 | loss_mask: 0.070 | loss_objectness: 0.000 | loss_rpn_box_reg: 0.000
  Batch 220: Total=0.0497 | loss_classifier: 0.001 | loss_box_reg: 0.002 | loss_mask: 0.047 | loss_objectness: 0.000 | loss_rpn_box_reg: 0.000
  Batch 240: Total=0.0581 | loss_classifier: 0.006 | loss_box_reg: 0.004 | loss_mask: 0.049 | loss_objectness: 0.000 | loss_rpn_box_reg: 0.000
  Batch 260: Total=0.0577 | loss_classifier: 0.010 | loss_box_reg: 0.004 | loss_mask: 0.044 | loss_objectness: 0.000 | loss_rpn_box_reg: 0.000
  Batch 280: Total=0.0392 | loss_classifier: 0.001 | loss_box_reg: 0.001 | loss_mask: 0.037 | loss_objectness: 0.000 | loss_rpn_box_reg: 0.000
  Batch 300: Total=0.0513 | loss_classifier: 0.000 | loss_box_reg: 0.002 | loss_mask: 0.049 | loss_objectness: 0.000 | loss_rpn_box_reg: 0.000
  Batch 320: Total=0.0602 | loss_classifier: 0.010 | loss_box_reg: 0.003 | loss_mask: 0.047 | loss_objectness: 0.000 | loss_rpn_box_reg: 0.000
  Batch 340: Total=0.0476 | loss_classifier: 0.002 | loss_box_reg: 0.002 | loss_mask: 0.043 | loss_objectness: 0.000 | loss_rpn_box_reg: 0.000
  Batch 360: Total=0.0531 | loss_classifier: 0.002 | loss_box_reg: 0.002 | loss_mask: 0.049 | loss_objectness: 0.000 | loss_rpn_box_reg: 0.000
  Batch 380: Total=0.0551 | loss_classifier: 0.002 | loss_box_reg: 0.002 | loss_mask: 0.050 | loss_objectness: 0.000 | loss_rpn_box_reg: 0.000
  Batch 400: Total=0.0575 | loss_classifier: 0.000 | loss_box_reg: 0.001 | loss_mask: 0.056 | loss_objectness: 0.000 | loss_rpn_box_reg: 0.000
Epoch 68 | Avg Loss: 0.0583 | LR: 0.000013

=== Epoch 69/100 ===
  Batch 20: Total=0.0455 | loss_classifier: 0.002 | loss_box_reg: 0.001 | loss_mask: 0.042 | loss_objectness: 0.000 | loss_rpn_box_reg: 0.000
  Batch 40: Total=0.0459 | loss_classifier: 0.000 | loss_box_reg: 0.001 | loss_mask: 0.044 | loss_objectness: 0.000 | loss_rpn_box_reg: 0.000
  Batch 60: Total=0.0432 | loss_classifier: 0.004 | loss_box_reg: 0.003 | loss_mask: 0.036 | loss_objectness: 0.000 | loss_rpn_box_reg: 0.000
  Batch 80: Total=0.0577 | loss_classifier: 0.005 | loss_box_reg: 0.003 | loss_mask: 0.050 | loss_objectness: 0.000 | loss_rpn_box_reg: 0.000
  Batch 100: Total=0.0511 | loss_classifier: 0.002 | loss_box_reg: 0.002 | loss_mask: 0.046 | loss_objectness: 0.000 | loss_rpn_box_reg: 0.000
  Batch 120: Total=0.0540 | loss_classifier: 0.001 | loss_box_reg: 0.001 | loss_mask: 0.051 | loss_objectness: 0.000 | loss_rpn_box_reg: 0.000
  Batch 140: Total=0.0629 | loss_classifier: 0.003 | loss_box_reg: 0.001 | loss_mask: 0.059 | loss_objectness: 0.000 | loss_rpn_box_reg: 0.000
  Batch 160: Total=0.0748 | loss_classifier: 0.001 | loss_box_reg: 0.003 | loss_mask: 0.071 | loss_objectness: 0.000 | loss_rpn_box_reg: 0.000
  Batch 180: Total=0.0568 | loss_classifier: 0.002 | loss_box_reg: 0.002 | loss_mask: 0.052 | loss_objectness: 0.000 | loss_rpn_box_reg: 0.000
  Batch 200: Total=0.0518 | loss_classifier: 0.005 | loss_box_reg: 0.005 | loss_mask: 0.042 | loss_objectness: 0.000 | loss_rpn_box_reg: 0.000
  Batch 220: Total=0.0498 | loss_classifier: 0.000 | loss_box_reg: 0.002 | loss_mask: 0.048 | loss_objectness: 0.000 | loss_rpn_box_reg: 0.000
  Batch 240: Total=0.0568 | loss_classifier: 0.002 | loss_box_reg: 0.009 | loss_mask: 0.046 | loss_objectness: 0.000 | loss_rpn_box_reg: 0.000
  Batch 260: Total=0.0490 | loss_classifier: 0.001 | loss_box_reg: 0.001 | loss_mask: 0.047 | loss_objectness: 0.000 | loss_rpn_box_reg: 0.000
  Batch 280: Total=0.0541 | loss_classifier: 0.001 | loss_box_reg: 0.002 | loss_mask: 0.051 | loss_objectness: 0.000 | loss_rpn_box_reg: 0.000
  Batch 300: Total=0.0453 | loss_classifier: 0.000 | loss_box_reg: 0.002 | loss_mask: 0.042 | loss_objectness: 0.000 | loss_rpn_box_reg: 0.000
  Batch 320: Total=0.0492 | loss_classifier: 0.001 | loss_box_reg: 0.003 | loss_mask: 0.045 | loss_objectness: 0.000 | loss_rpn_box_reg: 0.000
  Batch 340: Total=0.0571 | loss_classifier: 0.002 | loss_box_reg: 0.002 | loss_mask: 0.053 | loss_objectness: 0.000 | loss_rpn_box_reg: 0.000
  Batch 360: Total=0.0592 | loss_classifier: 0.003 | loss_box_reg: 0.005 | loss_mask: 0.051 | loss_objectness: 0.000 | loss_rpn_box_reg: 0.000
  Batch 380: Total=0.0572 | loss_classifier: 0.001 | loss_box_reg: 0.005 | loss_mask: 0.051 | loss_objectness: 0.000 | loss_rpn_box_reg: 0.000
  Batch 400: Total=0.0631 | loss_classifier: 0.004 | loss_box_reg: 0.004 | loss_mask: 0.055 | loss_objectness: 0.000 | loss_rpn_box_reg: 0.000
Epoch 69 | Avg Loss: 0.0577 | LR: 0.000012

=== Epoch 70/100 ===
  Batch 20: Total=0.0622 | loss_classifier: 0.000 | loss_box_reg: 0.005 | loss_mask: 0.056 | loss_objectness: 0.000 | loss_rpn_box_reg: 0.000
  Batch 40: Total=0.0478 | loss_classifier: 0.002 | loss_box_reg: 0.003 | loss_mask: 0.043 | loss_objectness: 0.000 | loss_rpn_box_reg: 0.000
  Batch 60: Total=0.0673 | loss_classifier: 0.003 | loss_box_reg: 0.004 | loss_mask: 0.060 | loss_objectness: 0.000 | loss_rpn_box_reg: 0.000
  Batch 80: Total=0.0495 | loss_classifier: 0.001 | loss_box_reg: 0.002 | loss_mask: 0.047 | loss_objectness: 0.000 | loss_rpn_box_reg: 0.000
  Batch 100: Total=0.0571 | loss_classifier: 0.005 | loss_box_reg: 0.003 | loss_mask: 0.049 | loss_objectness: 0.000 | loss_rpn_box_reg: 0.000
  Batch 120: Total=0.0599 | loss_classifier: 0.003 | loss_box_reg: 0.004 | loss_mask: 0.052 | loss_objectness: 0.000 | loss_rpn_box_reg: 0.000
  Batch 140: Total=0.0730 | loss_classifier: 0.013 | loss_box_reg: 0.011 | loss_mask: 0.049 | loss_objectness: 0.000 | loss_rpn_box_reg: 0.000
  Batch 160: Total=0.0536 | loss_classifier: 0.002 | loss_box_reg: 0.004 | loss_mask: 0.048 | loss_objectness: 0.000 | loss_rpn_box_reg: 0.000
  Batch 180: Total=0.0523 | loss_classifier: 0.001 | loss_box_reg: 0.003 | loss_mask: 0.049 | loss_objectness: 0.000 | loss_rpn_box_reg: 0.000
  Batch 200: Total=0.0443 | loss_classifier: 0.006 | loss_box_reg: 0.002 | loss_mask: 0.036 | loss_objectness: 0.000 | loss_rpn_box_reg: 0.000
  Batch 220: Total=0.0591 | loss_classifier: 0.001 | loss_box_reg: 0.005 | loss_mask: 0.052 | loss_objectness: 0.000 | loss_rpn_box_reg: 0.000
  Batch 240: Total=0.0620 | loss_classifier: 0.006 | loss_box_reg: 0.003 | loss_mask: 0.053 | loss_objectness: 0.000 | loss_rpn_box_reg: 0.000
  Batch 260: Total=0.0575 | loss_classifier: 0.009 | loss_box_reg: 0.002 | loss_mask: 0.046 | loss_objectness: 0.000 | loss_rpn_box_reg: 0.000
  Batch 280: Total=0.0746 | loss_classifier: 0.001 | loss_box_reg: 0.003 | loss_mask: 0.070 | loss_objectness: 0.000 | loss_rpn_box_reg: 0.000
  Batch 300: Total=0.0452 | loss_classifier: 0.001 | loss_box_reg: 0.004 | loss_mask: 0.040 | loss_objectness: 0.000 | loss_rpn_box_reg: 0.000
  Batch 320: Total=0.0467 | loss_classifier: 0.001 | loss_box_reg: 0.001 | loss_mask: 0.045 | loss_objectness: 0.000 | loss_rpn_box_reg: 0.000
  Batch 340: Total=0.0903 | loss_classifier: 0.002 | loss_box_reg: 0.004 | loss_mask: 0.084 | loss_objectness: 0.000 | loss_rpn_box_reg: 0.000
  Batch 360: Total=0.0466 | loss_classifier: 0.001 | loss_box_reg: 0.002 | loss_mask: 0.044 | loss_objectness: 0.000 | loss_rpn_box_reg: 0.000
  Batch 380: Total=0.0563 | loss_classifier: 0.002 | loss_box_reg: 0.001 | loss_mask: 0.053 | loss_objectness: 0.000 | loss_rpn_box_reg: 0.000
  Batch 400: Total=0.0727 | loss_classifier: 0.001 | loss_box_reg: 0.004 | loss_mask: 0.067 | loss_objectness: 0.000 | loss_rpn_box_reg: 0.000
Epoch 70 | Avg Loss: 0.0574 | LR: 0.000012

=== Epoch 71/100 ===
  Batch 20: Total=0.0461 | loss_classifier: 0.000 | loss_box_reg: 0.001 | loss_mask: 0.042 | loss_objectness: 0.003 | loss_rpn_box_reg: 0.000
  Batch 40: Total=0.0498 | loss_classifier: 0.001 | loss_box_reg: 0.005 | loss_mask: 0.043 | loss_objectness: 0.000 | loss_rpn_box_reg: 0.000
  Batch 60: Total=0.0466 | loss_classifier: 0.000 | loss_box_reg: 0.002 | loss_mask: 0.044 | loss_objectness: 0.000 | loss_rpn_box_reg: 0.000
  Batch 80: Total=0.0473 | loss_classifier: 0.001 | loss_box_reg: 0.002 | loss_mask: 0.043 | loss_objectness: 0.000 | loss_rpn_box_reg: 0.001
  Batch 100: Total=0.0680 | loss_classifier: 0.008 | loss_box_reg: 0.010 | loss_mask: 0.049 | loss_objectness: 0.000 | loss_rpn_box_reg: 0.000
  Batch 120: Total=0.0535 | loss_classifier: 0.006 | loss_box_reg: 0.005 | loss_mask: 0.042 | loss_objectness: 0.000 | loss_rpn_box_reg: 0.000
  Batch 140: Total=0.0440 | loss_classifier: 0.000 | loss_box_reg: 0.002 | loss_mask: 0.042 | loss_objectness: 0.000 | loss_rpn_box_reg: 0.000
  Batch 160: Total=0.0506 | loss_classifier: 0.000 | loss_box_reg: 0.001 | loss_mask: 0.049 | loss_objectness: 0.000 | loss_rpn_box_reg: 0.000
  Batch 180: Total=0.0600 | loss_classifier: 0.003 | loss_box_reg: 0.006 | loss_mask: 0.051 | loss_objectness: 0.000 | loss_rpn_box_reg: 0.000
  Batch 200: Total=0.0555 | loss_classifier: 0.008 | loss_box_reg: 0.001 | loss_mask: 0.046 | loss_objectness: 0.000 | loss_rpn_box_reg: 0.000
  Batch 220: Total=0.0388 | loss_classifier: 0.000 | loss_box_reg: 0.003 | loss_mask: 0.035 | loss_objectness: 0.000 | loss_rpn_box_reg: 0.000
  Batch 240: Total=0.0478 | loss_classifier: 0.000 | loss_box_reg: 0.002 | loss_mask: 0.045 | loss_objectness: 0.000 | loss_rpn_box_reg: 0.000
  Batch 260: Total=0.0703 | loss_classifier: 0.002 | loss_box_reg: 0.002 | loss_mask: 0.066 | loss_objectness: 0.000 | loss_rpn_box_reg: 0.000
  Batch 280: Total=0.0895 | loss_classifier: 0.004 | loss_box_reg: 0.002 | loss_mask: 0.083 | loss_objectness: 0.000 | loss_rpn_box_reg: 0.000
  Batch 300: Total=0.0422 | loss_classifier: 0.003 | loss_box_reg: 0.001 | loss_mask: 0.038 | loss_objectness: 0.000 | loss_rpn_box_reg: 0.000
  Batch 320: Total=0.0603 | loss_classifier: 0.002 | loss_box_reg: 0.004 | loss_mask: 0.054 | loss_objectness: 0.000 | loss_rpn_box_reg: 0.000
  Batch 340: Total=0.0514 | loss_classifier: 0.001 | loss_box_reg: 0.004 | loss_mask: 0.046 | loss_objectness: 0.000 | loss_rpn_box_reg: 0.000
  Batch 360: Total=0.0505 | loss_classifier: 0.006 | loss_box_reg: 0.005 | loss_mask: 0.039 | loss_objectness: 0.000 | loss_rpn_box_reg: 0.000
  Batch 380: Total=0.0542 | loss_classifier: 0.001 | loss_box_reg: 0.003 | loss_mask: 0.050 | loss_objectness: 0.000 | loss_rpn_box_reg: 0.000
  Batch 400: Total=0.0468 | loss_classifier: 0.001 | loss_box_reg: 0.001 | loss_mask: 0.045 | loss_objectness: 0.000 | loss_rpn_box_reg: 0.000
Epoch 71 | Avg Loss: 0.0572 | LR: 0.000011

=== Epoch 72/100 ===
  Batch 20: Total=0.0657 | loss_classifier: 0.000 | loss_box_reg: 0.002 | loss_mask: 0.064 | loss_objectness: 0.000 | loss_rpn_box_reg: 0.000
  Batch 40: Total=0.0435 | loss_classifier: 0.002 | loss_box_reg: 0.002 | loss_mask: 0.040 | loss_objectness: 0.000 | loss_rpn_box_reg: 0.000
  Batch 60: Total=0.0576 | loss_classifier: 0.003 | loss_box_reg: 0.007 | loss_mask: 0.048 | loss_objectness: 0.000 | loss_rpn_box_reg: 0.000
  Batch 80: Total=0.0486 | loss_classifier: 0.001 | loss_box_reg: 0.001 | loss_mask: 0.046 | loss_objectness: 0.000 | loss_rpn_box_reg: 0.000
  Batch 100: Total=0.0622 | loss_classifier: 0.004 | loss_box_reg: 0.005 | loss_mask: 0.053 | loss_objectness: 0.000 | loss_rpn_box_reg: 0.000
  Batch 120: Total=0.0577 | loss_classifier: 0.011 | loss_box_reg: 0.002 | loss_mask: 0.045 | loss_objectness: 0.000 | loss_rpn_box_reg: 0.000
  Batch 140: Total=0.0564 | loss_classifier: 0.001 | loss_box_reg: 0.002 | loss_mask: 0.054 | loss_objectness: 0.000 | loss_rpn_box_reg: 0.000
  Batch 160: Total=0.0450 | loss_classifier: 0.000 | loss_box_reg: 0.002 | loss_mask: 0.043 | loss_objectness: 0.000 | loss_rpn_box_reg: 0.000
  Batch 180: Total=0.0589 | loss_classifier: 0.001 | loss_box_reg: 0.000 | loss_mask: 0.057 | loss_objectness: 0.000 | loss_rpn_box_reg: 0.000
  Batch 200: Total=0.0767 | loss_classifier: 0.005 | loss_box_reg: 0.003 | loss_mask: 0.069 | loss_objectness: 0.000 | loss_rpn_box_reg: 0.000
  Batch 220: Total=0.0720 | loss_classifier: 0.013 | loss_box_reg: 0.006 | loss_mask: 0.053 | loss_objectness: 0.000 | loss_rpn_box_reg: 0.000
  Batch 240: Total=0.0497 | loss_classifier: 0.000 | loss_box_reg: 0.001 | loss_mask: 0.048 | loss_objectness: 0.000 | loss_rpn_box_reg: 0.000
  Batch 260: Total=0.0607 | loss_classifier: 0.002 | loss_box_reg: 0.005 | loss_mask: 0.054 | loss_objectness: 0.000 | loss_rpn_box_reg: 0.000
  Batch 280: Total=0.0547 | loss_classifier: 0.001 | loss_box_reg: 0.006 | loss_mask: 0.048 | loss_objectness: 0.000 | loss_rpn_box_reg: 0.000
  Batch 300: Total=0.0546 | loss_classifier: 0.007 | loss_box_reg: 0.005 | loss_mask: 0.043 | loss_objectness: 0.000 | loss_rpn_box_reg: 0.000
  Batch 320: Total=0.0556 | loss_classifier: 0.001 | loss_box_reg: 0.007 | loss_mask: 0.048 | loss_objectness: 0.000 | loss_rpn_box_reg: 0.000
  Batch 340: Total=0.0508 | loss_classifier: 0.004 | loss_box_reg: 0.001 | loss_mask: 0.045 | loss_objectness: 0.000 | loss_rpn_box_reg: 0.000
  Batch 360: Total=0.0713 | loss_classifier: 0.000 | loss_box_reg: 0.003 | loss_mask: 0.068 | loss_objectness: 0.000 | loss_rpn_box_reg: 0.000
  Batch 380: Total=0.0447 | loss_classifier: 0.000 | loss_box_reg: 0.001 | loss_mask: 0.043 | loss_objectness: 0.000 | loss_rpn_box_reg: 0.000
  Batch 400: Total=0.0457 | loss_classifier: 0.002 | loss_box_reg: 0.003 | loss_mask: 0.041 | loss_objectness: 0.000 | loss_rpn_box_reg: 0.000
Epoch 72 | Avg Loss: 0.0568 | LR: 0.000010

=== Epoch 73/100 ===
  Batch 20: Total=0.0433 | loss_classifier: 0.002 | loss_box_reg: 0.001 | loss_mask: 0.041 | loss_objectness: 0.000 | loss_rpn_box_reg: 0.000
  Batch 40: Total=0.0426 | loss_classifier: 0.001 | loss_box_reg: 0.002 | loss_mask: 0.040 | loss_objectness: 0.000 | loss_rpn_box_reg: 0.000
  Batch 60: Total=0.0761 | loss_classifier: 0.016 | loss_box_reg: 0.013 | loss_mask: 0.047 | loss_objectness: 0.000 | loss_rpn_box_reg: 0.000
  Batch 80: Total=0.0599 | loss_classifier: 0.005 | loss_box_reg: 0.005 | loss_mask: 0.050 | loss_objectness: 0.000 | loss_rpn_box_reg: 0.000
  Batch 100: Total=0.0571 | loss_classifier: 0.007 | loss_box_reg: 0.004 | loss_mask: 0.046 | loss_objectness: 0.000 | loss_rpn_box_reg: 0.000
  Batch 120: Total=0.0465 | loss_classifier: 0.001 | loss_box_reg: 0.001 | loss_mask: 0.045 | loss_objectness: 0.000 | loss_rpn_box_reg: 0.000
  Batch 140: Total=0.0490 | loss_classifier: 0.001 | loss_box_reg: 0.003 | loss_mask: 0.045 | loss_objectness: 0.000 | loss_rpn_box_reg: 0.000
  Batch 160: Total=0.0624 | loss_classifier: 0.008 | loss_box_reg: 0.003 | loss_mask: 0.051 | loss_objectness: 0.000 | loss_rpn_box_reg: 0.000
  Batch 180: Total=0.0465 | loss_classifier: 0.001 | loss_box_reg: 0.004 | loss_mask: 0.041 | loss_objectness: 0.000 | loss_rpn_box_reg: 0.000
  Batch 200: Total=0.0502 | loss_classifier: 0.001 | loss_box_reg: 0.001 | loss_mask: 0.048 | loss_objectness: 0.000 | loss_rpn_box_reg: 0.000
  Batch 220: Total=0.0466 | loss_classifier: 0.001 | loss_box_reg: 0.003 | loss_mask: 0.042 | loss_objectness: 0.000 | loss_rpn_box_reg: 0.000
  Batch 240: Total=0.0705 | loss_classifier: 0.001 | loss_box_reg: 0.002 | loss_mask: 0.067 | loss_objectness: 0.000 | loss_rpn_box_reg: 0.000
  Batch 260: Total=0.0636 | loss_classifier: 0.003 | loss_box_reg: 0.005 | loss_mask: 0.056 | loss_objectness: 0.000 | loss_rpn_box_reg: 0.000
  Batch 280: Total=0.0524 | loss_classifier: 0.002 | loss_box_reg: 0.003 | loss_mask: 0.048 | loss_objectness: 0.000 | loss_rpn_box_reg: 0.000
  Batch 300: Total=0.0502 | loss_classifier: 0.001 | loss_box_reg: 0.002 | loss_mask: 0.048 | loss_objectness: 0.000 | loss_rpn_box_reg: 0.000
  Batch 320: Total=0.0455 | loss_classifier: 0.001 | loss_box_reg: 0.003 | loss_mask: 0.041 | loss_objectness: 0.000 | loss_rpn_box_reg: 0.000
  Batch 340: Total=0.0553 | loss_classifier: 0.000 | loss_box_reg: 0.002 | loss_mask: 0.053 | loss_objectness: 0.000 | loss_rpn_box_reg: 0.000
  Batch 360: Total=0.0667 | loss_classifier: 0.000 | loss_box_reg: 0.002 | loss_mask: 0.065 | loss_objectness: 0.000 | loss_rpn_box_reg: 0.000
  Batch 380: Total=0.0637 | loss_classifier: 0.002 | loss_box_reg: 0.008 | loss_mask: 0.053 | loss_objectness: 0.000 | loss_rpn_box_reg: 0.000
  Batch 400: Total=0.0612 | loss_classifier: 0.007 | loss_box_reg: 0.002 | loss_mask: 0.052 | loss_objectness: 0.000 | loss_rpn_box_reg: 0.000
Epoch 73 | Avg Loss: 0.0559 | LR: 0.000010

=== Epoch 74/100 ===
  Batch 20: Total=0.0507 | loss_classifier: 0.001 | loss_box_reg: 0.001 | loss_mask: 0.048 | loss_objectness: 0.000 | loss_rpn_box_reg: 0.000
  Batch 40: Total=0.0689 | loss_classifier: 0.009 | loss_box_reg: 0.004 | loss_mask: 0.055 | loss_objectness: 0.000 | loss_rpn_box_reg: 0.000
  Batch 60: Total=0.0629 | loss_classifier: 0.004 | loss_box_reg: 0.009 | loss_mask: 0.050 | loss_objectness: 0.000 | loss_rpn_box_reg: 0.000
  Batch 80: Total=0.0433 | loss_classifier: 0.001 | loss_box_reg: 0.002 | loss_mask: 0.040 | loss_objectness: 0.000 | loss_rpn_box_reg: 0.000
  Batch 100: Total=0.0520 | loss_classifier: 0.001 | loss_box_reg: 0.003 | loss_mask: 0.049 | loss_objectness: 0.000 | loss_rpn_box_reg: 0.000
  Batch 120: Total=0.0595 | loss_classifier: 0.005 | loss_box_reg: 0.009 | loss_mask: 0.045 | loss_objectness: 0.000 | loss_rpn_box_reg: 0.000
  Batch 140: Total=0.0427 | loss_classifier: 0.003 | loss_box_reg: 0.001 | loss_mask: 0.038 | loss_objectness: 0.000 | loss_rpn_box_reg: 0.000
  Batch 160: Total=0.0447 | loss_classifier: 0.001 | loss_box_reg: 0.002 | loss_mask: 0.042 | loss_objectness: 0.000 | loss_rpn_box_reg: 0.000
  Batch 180: Total=0.0446 | loss_classifier: 0.001 | loss_box_reg: 0.001 | loss_mask: 0.043 | loss_objectness: 0.000 | loss_rpn_box_reg: 0.000
  Batch 200: Total=0.0585 | loss_classifier: 0.002 | loss_box_reg: 0.003 | loss_mask: 0.053 | loss_objectness: 0.000 | loss_rpn_box_reg: 0.000
  Batch 220: Total=0.0473 | loss_classifier: 0.001 | loss_box_reg: 0.001 | loss_mask: 0.046 | loss_objectness: 0.000 | loss_rpn_box_reg: 0.000
  Batch 240: Total=0.0478 | loss_classifier: 0.000 | loss_box_reg: 0.002 | loss_mask: 0.045 | loss_objectness: 0.000 | loss_rpn_box_reg: 0.000
  Batch 260: Total=0.0467 | loss_classifier: 0.003 | loss_box_reg: 0.003 | loss_mask: 0.041 | loss_objectness: 0.000 | loss_rpn_box_reg: 0.000
  Batch 280: Total=0.0570 | loss_classifier: 0.006 | loss_box_reg: 0.001 | loss_mask: 0.050 | loss_objectness: 0.000 | loss_rpn_box_reg: 0.000
  Batch 300: Total=0.0498 | loss_classifier: 0.000 | loss_box_reg: 0.001 | loss_mask: 0.048 | loss_objectness: 0.000 | loss_rpn_box_reg: 0.000
  Batch 320: Total=0.0771 | loss_classifier: 0.002 | loss_box_reg: 0.002 | loss_mask: 0.073 | loss_objectness: 0.000 | loss_rpn_box_reg: 0.000
  Batch 340: Total=0.0768 | loss_classifier: 0.014 | loss_box_reg: 0.008 | loss_mask: 0.054 | loss_objectness: 0.000 | loss_rpn_box_reg: 0.000
  Batch 360: Total=0.0559 | loss_classifier: 0.007 | loss_box_reg: 0.006 | loss_mask: 0.042 | loss_objectness: 0.000 | loss_rpn_box_reg: 0.000
  Batch 380: Total=0.0569 | loss_classifier: 0.005 | loss_box_reg: 0.001 | loss_mask: 0.051 | loss_objectness: 0.000 | loss_rpn_box_reg: 0.000
  Batch 400: Total=0.0473 | loss_classifier: 0.002 | loss_box_reg: 0.002 | loss_mask: 0.043 | loss_objectness: 0.000 | loss_rpn_box_reg: 0.000
Epoch 74 | Avg Loss: 0.0558 | LR: 0.000009

=== Epoch 75/100 ===
  Batch 20: Total=0.0473 | loss_classifier: 0.004 | loss_box_reg: 0.001 | loss_mask: 0.043 | loss_objectness: 0.000 | loss_rpn_box_reg: 0.000
  Batch 40: Total=0.0468 | loss_classifier: 0.000 | loss_box_reg: 0.002 | loss_mask: 0.045 | loss_objectness: 0.000 | loss_rpn_box_reg: 0.000
  Batch 60: Total=0.0487 | loss_classifier: 0.001 | loss_box_reg: 0.002 | loss_mask: 0.046 | loss_objectness: 0.000 | loss_rpn_box_reg: 0.000
  Batch 80: Total=0.0892 | loss_classifier: 0.005 | loss_box_reg: 0.002 | loss_mask: 0.083 | loss_objectness: 0.000 | loss_rpn_box_reg: 0.000
  Batch 100: Total=0.0468 | loss_classifier: 0.002 | loss_box_reg: 0.001 | loss_mask: 0.043 | loss_objectness: 0.000 | loss_rpn_box_reg: 0.000
  Batch 120: Total=0.0448 | loss_classifier: 0.002 | loss_box_reg: 0.001 | loss_mask: 0.041 | loss_objectness: 0.000 | loss_rpn_box_reg: 0.000
  Batch 140: Total=0.0472 | loss_classifier: 0.000 | loss_box_reg: 0.001 | loss_mask: 0.046 | loss_objectness: 0.000 | loss_rpn_box_reg: 0.000
  Batch 160: Total=0.0516 | loss_classifier: 0.007 | loss_box_reg: 0.001 | loss_mask: 0.043 | loss_objectness: 0.000 | loss_rpn_box_reg: 0.000
  Batch 180: Total=0.0569 | loss_classifier: 0.001 | loss_box_reg: 0.002 | loss_mask: 0.055 | loss_objectness: 0.000 | loss_rpn_box_reg: 0.000
  Batch 200: Total=0.0492 | loss_classifier: 0.000 | loss_box_reg: 0.001 | loss_mask: 0.048 | loss_objectness: 0.000 | loss_rpn_box_reg: 0.000
  Batch 220: Total=0.0671 | loss_classifier: 0.007 | loss_box_reg: 0.006 | loss_mask: 0.054 | loss_objectness: 0.000 | loss_rpn_box_reg: 0.000
  Batch 240: Total=0.0503 | loss_classifier: 0.002 | loss_box_reg: 0.002 | loss_mask: 0.047 | loss_objectness: 0.000 | loss_rpn_box_reg: 0.000
  Batch 260: Total=0.0905 | loss_classifier: 0.015 | loss_box_reg: 0.018 | loss_mask: 0.057 | loss_objectness: 0.000 | loss_rpn_box_reg: 0.000
  Batch 280: Total=0.0467 | loss_classifier: 0.001 | loss_box_reg: 0.002 | loss_mask: 0.044 | loss_objectness: 0.000 | loss_rpn_box_reg: 0.000
  Batch 300: Total=0.0568 | loss_classifier: 0.006 | loss_box_reg: 0.007 | loss_mask: 0.043 | loss_objectness: 0.000 | loss_rpn_box_reg: 0.000
  Batch 320: Total=0.0604 | loss_classifier: 0.005 | loss_box_reg: 0.002 | loss_mask: 0.053 | loss_objectness: 0.000 | loss_rpn_box_reg: 0.000
  Batch 340: Total=0.0578 | loss_classifier: 0.007 | loss_box_reg: 0.002 | loss_mask: 0.048 | loss_objectness: 0.000 | loss_rpn_box_reg: 0.000
  Batch 360: Total=0.0429 | loss_classifier: 0.000 | loss_box_reg: 0.001 | loss_mask: 0.042 | loss_objectness: 0.000 | loss_rpn_box_reg: 0.000
  Batch 380: Total=0.0565 | loss_classifier: 0.004 | loss_box_reg: 0.006 | loss_mask: 0.046 | loss_objectness: 0.000 | loss_rpn_box_reg: 0.000
  Batch 400: Total=0.0515 | loss_classifier: 0.000 | loss_box_reg: 0.001 | loss_mask: 0.050 | loss_objectness: 0.000 | loss_rpn_box_reg: 0.000
Epoch 75 | Avg Loss: 0.0556 | LR: 0.000009

=== Epoch 76/100 ===
  Batch 20: Total=0.0509 | loss_classifier: 0.003 | loss_box_reg: 0.002 | loss_mask: 0.046 | loss_objectness: 0.000 | loss_rpn_box_reg: 0.000
  Batch 40: Total=0.0563 | loss_classifier: 0.003 | loss_box_reg: 0.003 | loss_mask: 0.050 | loss_objectness: 0.000 | loss_rpn_box_reg: 0.000
  Batch 60: Total=0.0484 | loss_classifier: 0.004 | loss_box_reg: 0.002 | loss_mask: 0.042 | loss_objectness: 0.000 | loss_rpn_box_reg: 0.000
  Batch 80: Total=0.0463 | loss_classifier: 0.001 | loss_box_reg: 0.001 | loss_mask: 0.044 | loss_objectness: 0.000 | loss_rpn_box_reg: 0.000
  Batch 100: Total=0.0565 | loss_classifier: 0.007 | loss_box_reg: 0.001 | loss_mask: 0.048 | loss_objectness: 0.000 | loss_rpn_box_reg: 0.000
  Batch 120: Total=0.0558 | loss_classifier: 0.001 | loss_box_reg: 0.002 | loss_mask: 0.053 | loss_objectness: 0.000 | loss_rpn_box_reg: 0.000
  Batch 140: Total=0.0557 | loss_classifier: 0.003 | loss_box_reg: 0.002 | loss_mask: 0.050 | loss_objectness: 0.000 | loss_rpn_box_reg: 0.000
  Batch 160: Total=0.0487 | loss_classifier: 0.003 | loss_box_reg: 0.001 | loss_mask: 0.045 | loss_objectness: 0.000 | loss_rpn_box_reg: 0.000
  Batch 180: Total=0.0616 | loss_classifier: 0.009 | loss_box_reg: 0.005 | loss_mask: 0.048 | loss_objectness: 0.000 | loss_rpn_box_reg: 0.000
  Batch 200: Total=0.0501 | loss_classifier: 0.002 | loss_box_reg: 0.001 | loss_mask: 0.047 | loss_objectness: 0.000 | loss_rpn_box_reg: 0.000
  Batch 220: Total=0.0514 | loss_classifier: 0.007 | loss_box_reg: 0.001 | loss_mask: 0.043 | loss_objectness: 0.000 | loss_rpn_box_reg: 0.000
  Batch 240: Total=0.0572 | loss_classifier: 0.002 | loss_box_reg: 0.002 | loss_mask: 0.053 | loss_objectness: 0.000 | loss_rpn_box_reg: 0.000
  Batch 260: Total=0.0766 | loss_classifier: 0.000 | loss_box_reg: 0.000 | loss_mask: 0.076 | loss_objectness: 0.000 | loss_rpn_box_reg: 0.000
  Batch 280: Total=0.0650 | loss_classifier: 0.010 | loss_box_reg: 0.005 | loss_mask: 0.050 | loss_objectness: 0.000 | loss_rpn_box_reg: 0.000
  Batch 300: Total=0.0672 | loss_classifier: 0.002 | loss_box_reg: 0.003 | loss_mask: 0.062 | loss_objectness: 0.000 | loss_rpn_box_reg: 0.000
  Batch 320: Total=0.0488 | loss_classifier: 0.002 | loss_box_reg: 0.001 | loss_mask: 0.045 | loss_objectness: 0.000 | loss_rpn_box_reg: 0.000
  Batch 340: Total=0.0478 | loss_classifier: 0.000 | loss_box_reg: 0.002 | loss_mask: 0.045 | loss_objectness: 0.000 | loss_rpn_box_reg: 0.000
  Batch 360: Total=0.0525 | loss_classifier: 0.002 | loss_box_reg: 0.001 | loss_mask: 0.050 | loss_objectness: 0.000 | loss_rpn_box_reg: 0.000
  Batch 380: Total=0.0582 | loss_classifier: 0.006 | loss_box_reg: 0.001 | loss_mask: 0.051 | loss_objectness: 0.000 | loss_rpn_box_reg: 0.000
  Batch 400: Total=0.0570 | loss_classifier: 0.004 | loss_box_reg: 0.002 | loss_mask: 0.051 | loss_objectness: 0.000 | loss_rpn_box_reg: 0.000
Epoch 76 | Avg Loss: 0.0551 | LR: 0.000008

=== Epoch 77/100 ===
  Batch 20: Total=0.0419 | loss_classifier: 0.001 | loss_box_reg: 0.001 | loss_mask: 0.040 | loss_objectness: 0.000 | loss_rpn_box_reg: 0.000
  Batch 40: Total=0.0427 | loss_classifier: 0.001 | loss_box_reg: 0.001 | loss_mask: 0.041 | loss_objectness: 0.000 | loss_rpn_box_reg: 0.000
  Batch 60: Total=0.0538 | loss_classifier: 0.000 | loss_box_reg: 0.001 | loss_mask: 0.052 | loss_objectness: 0.000 | loss_rpn_box_reg: 0.000
  Batch 80: Total=0.0461 | loss_classifier: 0.000 | loss_box_reg: 0.001 | loss_mask: 0.045 | loss_objectness: 0.000 | loss_rpn_box_reg: 0.000
  Batch 100: Total=0.0476 | loss_classifier: 0.002 | loss_box_reg: 0.002 | loss_mask: 0.044 | loss_objectness: 0.000 | loss_rpn_box_reg: 0.000
  Batch 120: Total=0.0654 | loss_classifier: 0.000 | loss_box_reg: 0.002 | loss_mask: 0.063 | loss_objectness: 0.000 | loss_rpn_box_reg: 0.000
  Batch 140: Total=0.0646 | loss_classifier: 0.000 | loss_box_reg: 0.001 | loss_mask: 0.063 | loss_objectness: 0.000 | loss_rpn_box_reg: 0.000
  Batch 160: Total=0.0645 | loss_classifier: 0.002 | loss_box_reg: 0.005 | loss_mask: 0.057 | loss_objectness: 0.000 | loss_rpn_box_reg: 0.000
  Batch 180: Total=0.0732 | loss_classifier: 0.007 | loss_box_reg: 0.002 | loss_mask: 0.065 | loss_objectness: 0.000 | loss_rpn_box_reg: 0.000
  Batch 200: Total=0.0426 | loss_classifier: 0.003 | loss_box_reg: 0.001 | loss_mask: 0.039 | loss_objectness: 0.000 | loss_rpn_box_reg: 0.000
  Batch 220: Total=0.0449 | loss_classifier: 0.001 | loss_box_reg: 0.001 | loss_mask: 0.043 | loss_objectness: 0.000 | loss_rpn_box_reg: 0.000
  Batch 240: Total=0.0554 | loss_classifier: 0.001 | loss_box_reg: 0.003 | loss_mask: 0.051 | loss_objectness: 0.000 | loss_rpn_box_reg: 0.000
  Batch 260: Total=0.0466 | loss_classifier: 0.000 | loss_box_reg: 0.001 | loss_mask: 0.045 | loss_objectness: 0.000 | loss_rpn_box_reg: 0.000
  Batch 280: Total=0.0424 | loss_classifier: 0.003 | loss_box_reg: 0.001 | loss_mask: 0.038 | loss_objectness: 0.000 | loss_rpn_box_reg: 0.000
  Batch 300: Total=0.0559 | loss_classifier: 0.004 | loss_box_reg: 0.001 | loss_mask: 0.051 | loss_objectness: 0.000 | loss_rpn_box_reg: 0.000
  Batch 320: Total=0.0809 | loss_classifier: 0.009 | loss_box_reg: 0.016 | loss_mask: 0.055 | loss_objectness: 0.000 | loss_rpn_box_reg: 0.000
  Batch 340: Total=0.0670 | loss_classifier: 0.000 | loss_box_reg: 0.001 | loss_mask: 0.066 | loss_objectness: 0.000 | loss_rpn_box_reg: 0.000
  Batch 360: Total=0.0554 | loss_classifier: 0.005 | loss_box_reg: 0.003 | loss_mask: 0.048 | loss_objectness: 0.000 | loss_rpn_box_reg: 0.000
  Batch 380: Total=0.0518 | loss_classifier: 0.004 | loss_box_reg: 0.001 | loss_mask: 0.047 | loss_objectness: 0.000 | loss_rpn_box_reg: 0.000
  Batch 400: Total=0.0575 | loss_classifier: 0.004 | loss_box_reg: 0.008 | loss_mask: 0.046 | loss_objectness: 0.000 | loss_rpn_box_reg: 0.000
Epoch 77 | Avg Loss: 0.0543 | LR: 0.000007

=== Epoch 78/100 ===
  Batch 20: Total=0.0462 | loss_classifier: 0.001 | loss_box_reg: 0.001 | loss_mask: 0.044 | loss_objectness: 0.000 | loss_rpn_box_reg: 0.000
  Batch 40: Total=0.0604 | loss_classifier: 0.000 | loss_box_reg: 0.001 | loss_mask: 0.059 | loss_objectness: 0.000 | loss_rpn_box_reg: 0.000
  Batch 60: Total=0.0703 | loss_classifier: 0.001 | loss_box_reg: 0.001 | loss_mask: 0.068 | loss_objectness: 0.000 | loss_rpn_box_reg: 0.000
  Batch 80: Total=0.0695 | loss_classifier: 0.000 | loss_box_reg: 0.001 | loss_mask: 0.069 | loss_objectness: 0.000 | loss_rpn_box_reg: 0.000
  Batch 100: Total=0.0511 | loss_classifier: 0.001 | loss_box_reg: 0.001 | loss_mask: 0.049 | loss_objectness: 0.000 | loss_rpn_box_reg: 0.000
  Batch 120: Total=0.0469 | loss_classifier: 0.001 | loss_box_reg: 0.001 | loss_mask: 0.045 | loss_objectness: 0.000 | loss_rpn_box_reg: 0.000
  Batch 140: Total=0.0376 | loss_classifier: 0.001 | loss_box_reg: 0.001 | loss_mask: 0.036 | loss_objectness: 0.000 | loss_rpn_box_reg: 0.000
  Batch 160: Total=0.0471 | loss_classifier: 0.000 | loss_box_reg: 0.001 | loss_mask: 0.046 | loss_objectness: 0.000 | loss_rpn_box_reg: 0.000
  Batch 180: Total=0.0413 | loss_classifier: 0.001 | loss_box_reg: 0.001 | loss_mask: 0.038 | loss_objectness: 0.000 | loss_rpn_box_reg: 0.000
  Batch 200: Total=0.0446 | loss_classifier: 0.003 | loss_box_reg: 0.002 | loss_mask: 0.039 | loss_objectness: 0.000 | loss_rpn_box_reg: 0.000
  Batch 220: Total=0.0391 | loss_classifier: 0.001 | loss_box_reg: 0.001 | loss_mask: 0.037 | loss_objectness: 0.000 | loss_rpn_box_reg: 0.000
  Batch 240: Total=0.0838 | loss_classifier: 0.008 | loss_box_reg: 0.016 | loss_mask: 0.059 | loss_objectness: 0.000 | loss_rpn_box_reg: 0.000
  Batch 260: Total=0.0569 | loss_classifier: 0.002 | loss_box_reg: 0.006 | loss_mask: 0.048 | loss_objectness: 0.000 | loss_rpn_box_reg: 0.000
  Batch 280: Total=0.0479 | loss_classifier: 0.001 | loss_box_reg: 0.001 | loss_mask: 0.046 | loss_objectness: 0.000 | loss_rpn_box_reg: 0.000
  Batch 300: Total=0.0586 | loss_classifier: 0.000 | loss_box_reg: 0.001 | loss_mask: 0.058 | loss_objectness: 0.000 | loss_rpn_box_reg: 0.000
  Batch 320: Total=0.0561 | loss_classifier: 0.002 | loss_box_reg: 0.003 | loss_mask: 0.051 | loss_objectness: 0.000 | loss_rpn_box_reg: 0.000
  Batch 340: Total=0.0567 | loss_classifier: 0.002 | loss_box_reg: 0.003 | loss_mask: 0.052 | loss_objectness: 0.000 | loss_rpn_box_reg: 0.000
  Batch 360: Total=0.0621 | loss_classifier: 0.004 | loss_box_reg: 0.004 | loss_mask: 0.054 | loss_objectness: 0.000 | loss_rpn_box_reg: 0.000
  Batch 380: Total=0.0519 | loss_classifier: 0.007 | loss_box_reg: 0.002 | loss_mask: 0.043 | loss_objectness: 0.000 | loss_rpn_box_reg: 0.000
  Batch 400: Total=0.0692 | loss_classifier: 0.001 | loss_box_reg: 0.001 | loss_mask: 0.064 | loss_objectness: 0.003 | loss_rpn_box_reg: 0.000
Epoch 78 | Avg Loss: 0.0543 | LR: 0.000007

=== Epoch 79/100 ===
  Batch 20: Total=0.0766 | loss_classifier: 0.006 | loss_box_reg: 0.011 | loss_mask: 0.060 | loss_objectness: 0.000 | loss_rpn_box_reg: 0.000
  Batch 40: Total=0.0439 | loss_classifier: 0.001 | loss_box_reg: 0.003 | loss_mask: 0.040 | loss_objectness: 0.000 | loss_rpn_box_reg: 0.000
  Batch 60: Total=0.0609 | loss_classifier: 0.001 | loss_box_reg: 0.002 | loss_mask: 0.058 | loss_objectness: 0.000 | loss_rpn_box_reg: 0.000
  Batch 80: Total=0.0517 | loss_classifier: 0.006 | loss_box_reg: 0.001 | loss_mask: 0.044 | loss_objectness: 0.000 | loss_rpn_box_reg: 0.000
  Batch 100: Total=0.0710 | loss_classifier: 0.001 | loss_box_reg: 0.001 | loss_mask: 0.068 | loss_objectness: 0.000 | loss_rpn_box_reg: 0.000
  Batch 120: Total=0.0431 | loss_classifier: 0.000 | loss_box_reg: 0.000 | loss_mask: 0.043 | loss_objectness: 0.000 | loss_rpn_box_reg: 0.000
  Batch 140: Total=0.0534 | loss_classifier: 0.003 | loss_box_reg: 0.001 | loss_mask: 0.049 | loss_objectness: 0.000 | loss_rpn_box_reg: 0.000
  Batch 160: Total=0.0447 | loss_classifier: 0.003 | loss_box_reg: 0.002 | loss_mask: 0.040 | loss_objectness: 0.000 | loss_rpn_box_reg: 0.000
  Batch 180: Total=0.0519 | loss_classifier: 0.002 | loss_box_reg: 0.002 | loss_mask: 0.047 | loss_objectness: 0.000 | loss_rpn_box_reg: 0.000
  Batch 200: Total=0.0549 | loss_classifier: 0.001 | loss_box_reg: 0.001 | loss_mask: 0.053 | loss_objectness: 0.000 | loss_rpn_box_reg: 0.000
  Batch 220: Total=0.0588 | loss_classifier: 0.002 | loss_box_reg: 0.006 | loss_mask: 0.050 | loss_objectness: 0.000 | loss_rpn_box_reg: 0.000
  Batch 240: Total=0.0545 | loss_classifier: 0.004 | loss_box_reg: 0.002 | loss_mask: 0.049 | loss_objectness: 0.000 | loss_rpn_box_reg: 0.000
  Batch 260: Total=0.0488 | loss_classifier: 0.001 | loss_box_reg: 0.002 | loss_mask: 0.046 | loss_objectness: 0.000 | loss_rpn_box_reg: 0.000
  Batch 280: Total=0.0549 | loss_classifier: 0.000 | loss_box_reg: 0.000 | loss_mask: 0.054 | loss_objectness: 0.000 | loss_rpn_box_reg: 0.000
  Batch 300: Total=0.0639 | loss_classifier: 0.009 | loss_box_reg: 0.002 | loss_mask: 0.053 | loss_objectness: 0.000 | loss_rpn_box_reg: 0.000
  Batch 320: Total=0.0704 | loss_classifier: 0.000 | loss_box_reg: 0.001 | loss_mask: 0.069 | loss_objectness: 0.000 | loss_rpn_box_reg: 0.000
  Batch 340: Total=0.0693 | loss_classifier: 0.006 | loss_box_reg: 0.003 | loss_mask: 0.061 | loss_objectness: 0.000 | loss_rpn_box_reg: 0.000
  Batch 360: Total=0.0437 | loss_classifier: 0.002 | loss_box_reg: 0.001 | loss_mask: 0.041 | loss_objectness: 0.000 | loss_rpn_box_reg: 0.000
  Batch 380: Total=0.0500 | loss_classifier: 0.002 | loss_box_reg: 0.002 | loss_mask: 0.046 | loss_objectness: 0.000 | loss_rpn_box_reg: 0.000
  Batch 400: Total=0.0425 | loss_classifier: 0.001 | loss_box_reg: 0.001 | loss_mask: 0.041 | loss_objectness: 0.000 | loss_rpn_box_reg: 0.000
Epoch 79 | Avg Loss: 0.0540 | LR: 0.000006

=== Epoch 80/100 ===
  Batch 20: Total=0.0530 | loss_classifier: 0.001 | loss_box_reg: 0.001 | loss_mask: 0.051 | loss_objectness: 0.000 | loss_rpn_box_reg: 0.000
  Batch 40: Total=0.0524 | loss_classifier: 0.006 | loss_box_reg: 0.001 | loss_mask: 0.046 | loss_objectness: 0.000 | loss_rpn_box_reg: 0.000
  Batch 60: Total=0.0468 | loss_classifier: 0.001 | loss_box_reg: 0.001 | loss_mask: 0.045 | loss_objectness: 0.000 | loss_rpn_box_reg: 0.000
  Batch 80: Total=0.0534 | loss_classifier: 0.002 | loss_box_reg: 0.002 | loss_mask: 0.050 | loss_objectness: 0.000 | loss_rpn_box_reg: 0.000
  Batch 100: Total=0.0526 | loss_classifier: 0.003 | loss_box_reg: 0.001 | loss_mask: 0.049 | loss_objectness: 0.000 | loss_rpn_box_reg: 0.000
  Batch 120: Total=0.0478 | loss_classifier: 0.001 | loss_box_reg: 0.001 | loss_mask: 0.045 | loss_objectness: 0.000 | loss_rpn_box_reg: 0.000
  Batch 140: Total=0.0415 | loss_classifier: 0.002 | loss_box_reg: 0.001 | loss_mask: 0.038 | loss_objectness: 0.000 | loss_rpn_box_reg: 0.000
  Batch 160: Total=0.0464 | loss_classifier: 0.000 | loss_box_reg: 0.001 | loss_mask: 0.045 | loss_objectness: 0.000 | loss_rpn_box_reg: 0.000
  Batch 180: Total=0.0600 | loss_classifier: 0.005 | loss_box_reg: 0.002 | loss_mask: 0.053 | loss_objectness: 0.000 | loss_rpn_box_reg: 0.000
  Batch 200: Total=0.0452 | loss_classifier: 0.002 | loss_box_reg: 0.001 | loss_mask: 0.042 | loss_objectness: 0.000 | loss_rpn_box_reg: 0.000
  Batch 220: Total=0.0754 | loss_classifier: 0.012 | loss_box_reg: 0.012 | loss_mask: 0.052 | loss_objectness: 0.000 | loss_rpn_box_reg: 0.000
  Batch 240: Total=0.0537 | loss_classifier: 0.003 | loss_box_reg: 0.001 | loss_mask: 0.049 | loss_objectness: 0.000 | loss_rpn_box_reg: 0.000
  Batch 260: Total=0.0530 | loss_classifier: 0.009 | loss_box_reg: 0.003 | loss_mask: 0.041 | loss_objectness: 0.000 | loss_rpn_box_reg: 0.000
  Batch 280: Total=0.0806 | loss_classifier: 0.007 | loss_box_reg: 0.002 | loss_mask: 0.072 | loss_objectness: 0.000 | loss_rpn_box_reg: 0.000
  Batch 300: Total=0.0450 | loss_classifier: 0.002 | loss_box_reg: 0.001 | loss_mask: 0.042 | loss_objectness: 0.000 | loss_rpn_box_reg: 0.000
  Batch 320: Total=0.0510 | loss_classifier: 0.003 | loss_box_reg: 0.000 | loss_mask: 0.048 | loss_objectness: 0.000 | loss_rpn_box_reg: 0.000
  Batch 340: Total=0.0635 | loss_classifier: 0.001 | loss_box_reg: 0.001 | loss_mask: 0.062 | loss_objectness: 0.000 | loss_rpn_box_reg: 0.000
  Batch 360: Total=0.0496 | loss_classifier: 0.001 | loss_box_reg: 0.002 | loss_mask: 0.046 | loss_objectness: 0.000 | loss_rpn_box_reg: 0.000
  Batch 380: Total=0.0496 | loss_classifier: 0.001 | loss_box_reg: 0.000 | loss_mask: 0.048 | loss_objectness: 0.000 | loss_rpn_box_reg: 0.000
  Batch 400: Total=0.0517 | loss_classifier: 0.004 | loss_box_reg: 0.000 | loss_mask: 0.048 | loss_objectness: 0.000 | loss_rpn_box_reg: 0.000
Epoch 80 | Avg Loss: 0.0541 | LR: 0.000006

=== Epoch 81/100 ===
  Batch 20: Total=0.0453 | loss_classifier: 0.000 | loss_box_reg: 0.001 | loss_mask: 0.044 | loss_objectness: 0.000 | loss_rpn_box_reg: 0.000
  Batch 40: Total=0.0487 | loss_classifier: 0.002 | loss_box_reg: 0.003 | loss_mask: 0.044 | loss_objectness: 0.000 | loss_rpn_box_reg: 0.000
  Batch 60: Total=0.0468 | loss_classifier: 0.001 | loss_box_reg: 0.001 | loss_mask: 0.045 | loss_objectness: 0.000 | loss_rpn_box_reg: 0.000
  Batch 80: Total=0.0541 | loss_classifier: 0.001 | loss_box_reg: 0.002 | loss_mask: 0.051 | loss_objectness: 0.000 | loss_rpn_box_reg: 0.000
  Batch 100: Total=0.0470 | loss_classifier: 0.002 | loss_box_reg: 0.002 | loss_mask: 0.044 | loss_objectness: 0.000 | loss_rpn_box_reg: 0.000
  Batch 120: Total=0.0718 | loss_classifier: 0.001 | loss_box_reg: 0.001 | loss_mask: 0.069 | loss_objectness: 0.000 | loss_rpn_box_reg: 0.000
  Batch 140: Total=0.0559 | loss_classifier: 0.004 | loss_box_reg: 0.007 | loss_mask: 0.045 | loss_objectness: 0.000 | loss_rpn_box_reg: 0.000
  Batch 160: Total=0.0584 | loss_classifier: 0.001 | loss_box_reg: 0.005 | loss_mask: 0.052 | loss_objectness: 0.000 | loss_rpn_box_reg: 0.000
  Batch 180: Total=0.0505 | loss_classifier: 0.003 | loss_box_reg: 0.003 | loss_mask: 0.045 | loss_objectness: 0.000 | loss_rpn_box_reg: 0.000
  Batch 200: Total=0.0533 | loss_classifier: 0.000 | loss_box_reg: 0.001 | loss_mask: 0.052 | loss_objectness: 0.000 | loss_rpn_box_reg: 0.000
  Batch 220: Total=0.0507 | loss_classifier: 0.003 | loss_box_reg: 0.002 | loss_mask: 0.046 | loss_objectness: 0.000 | loss_rpn_box_reg: 0.000
  Batch 240: Total=0.0555 | loss_classifier: 0.003 | loss_box_reg: 0.005 | loss_mask: 0.048 | loss_objectness: 0.000 | loss_rpn_box_reg: 0.000
  Batch 260: Total=0.0396 | loss_classifier: 0.001 | loss_box_reg: 0.001 | loss_mask: 0.038 | loss_objectness: 0.000 | loss_rpn_box_reg: 0.000
  Batch 280: Total=0.0539 | loss_classifier: 0.004 | loss_box_reg: 0.002 | loss_mask: 0.049 | loss_objectness: 0.000 | loss_rpn_box_reg: 0.000
  Batch 300: Total=0.0431 | loss_classifier: 0.000 | loss_box_reg: 0.001 | loss_mask: 0.042 | loss_objectness: 0.000 | loss_rpn_box_reg: 0.000
  Batch 320: Total=0.0454 | loss_classifier: 0.002 | loss_box_reg: 0.001 | loss_mask: 0.042 | loss_objectness: 0.000 | loss_rpn_box_reg: 0.000
  Batch 340: Total=0.0548 | loss_classifier: 0.002 | loss_box_reg: 0.003 | loss_mask: 0.050 | loss_objectness: 0.000 | loss_rpn_box_reg: 0.000
  Batch 360: Total=0.0480 | loss_classifier: 0.001 | loss_box_reg: 0.001 | loss_mask: 0.046 | loss_objectness: 0.000 | loss_rpn_box_reg: 0.000
  Batch 380: Total=0.0427 | loss_classifier: 0.001 | loss_box_reg: 0.001 | loss_mask: 0.041 | loss_objectness: 0.000 | loss_rpn_box_reg: 0.000
  Batch 400: Total=0.0580 | loss_classifier: 0.001 | loss_box_reg: 0.002 | loss_mask: 0.055 | loss_objectness: 0.000 | loss_rpn_box_reg: 0.000
Epoch 81 | Avg Loss: 0.0535 | LR: 0.000005

=== Epoch 82/100 ===
  Batch 20: Total=0.0639 | loss_classifier: 0.009 | loss_box_reg: 0.003 | loss_mask: 0.052 | loss_objectness: 0.000 | loss_rpn_box_reg: 0.000
  Batch 40: Total=0.0453 | loss_classifier: 0.000 | loss_box_reg: 0.001 | loss_mask: 0.044 | loss_objectness: 0.000 | loss_rpn_box_reg: 0.000
  Batch 60: Total=0.0639 | loss_classifier: 0.004 | loss_box_reg: 0.001 | loss_mask: 0.058 | loss_objectness: 0.000 | loss_rpn_box_reg: 0.000
  Batch 80: Total=0.0535 | loss_classifier: 0.004 | loss_box_reg: 0.000 | loss_mask: 0.049 | loss_objectness: 0.000 | loss_rpn_box_reg: 0.000
  Batch 100: Total=0.0767 | loss_classifier: 0.008 | loss_box_reg: 0.015 | loss_mask: 0.053 | loss_objectness: 0.000 | loss_rpn_box_reg: 0.000
  Batch 120: Total=0.0788 | loss_classifier: 0.008 | loss_box_reg: 0.010 | loss_mask: 0.060 | loss_objectness: 0.000 | loss_rpn_box_reg: 0.000
  Batch 140: Total=0.0442 | loss_classifier: 0.001 | loss_box_reg: 0.001 | loss_mask: 0.042 | loss_objectness: 0.000 | loss_rpn_box_reg: 0.000
  Batch 160: Total=0.0567 | loss_classifier: 0.001 | loss_box_reg: 0.001 | loss_mask: 0.055 | loss_objectness: 0.000 | loss_rpn_box_reg: 0.000
  Batch 180: Total=0.0510 | loss_classifier: 0.001 | loss_box_reg: 0.002 | loss_mask: 0.048 | loss_objectness: 0.000 | loss_rpn_box_reg: 0.000
  Batch 200: Total=0.0500 | loss_classifier: 0.004 | loss_box_reg: 0.003 | loss_mask: 0.043 | loss_objectness: 0.000 | loss_rpn_box_reg: 0.000
  Batch 220: Total=0.0508 | loss_classifier: 0.009 | loss_box_reg: 0.001 | loss_mask: 0.040 | loss_objectness: 0.000 | loss_rpn_box_reg: 0.000
  Batch 240: Total=0.0440 | loss_classifier: 0.002 | loss_box_reg: 0.001 | loss_mask: 0.040 | loss_objectness: 0.000 | loss_rpn_box_reg: 0.000
  Batch 260: Total=0.0613 | loss_classifier: 0.008 | loss_box_reg: 0.006 | loss_mask: 0.047 | loss_objectness: 0.000 | loss_rpn_box_reg: 0.000
  Batch 280: Total=0.0370 | loss_classifier: 0.001 | loss_box_reg: 0.001 | loss_mask: 0.035 | loss_objectness: 0.000 | loss_rpn_box_reg: 0.000
  Batch 300: Total=0.0607 | loss_classifier: 0.001 | loss_box_reg: 0.001 | loss_mask: 0.059 | loss_objectness: 0.000 | loss_rpn_box_reg: 0.000
  Batch 320: Total=0.0631 | loss_classifier: 0.005 | loss_box_reg: 0.002 | loss_mask: 0.056 | loss_objectness: 0.000 | loss_rpn_box_reg: 0.000
  Batch 340: Total=0.0452 | loss_classifier: 0.001 | loss_box_reg: 0.001 | loss_mask: 0.043 | loss_objectness: 0.000 | loss_rpn_box_reg: 0.000
  Batch 360: Total=0.0463 | loss_classifier: 0.001 | loss_box_reg: 0.001 | loss_mask: 0.044 | loss_objectness: 0.000 | loss_rpn_box_reg: 0.000
  Batch 380: Total=0.0520 | loss_classifier: 0.006 | loss_box_reg: 0.001 | loss_mask: 0.044 | loss_objectness: 0.000 | loss_rpn_box_reg: 0.000
  Batch 400: Total=0.0597 | loss_classifier: 0.007 | loss_box_reg: 0.004 | loss_mask: 0.049 | loss_objectness: 0.000 | loss_rpn_box_reg: 0.000
Epoch 82 | Avg Loss: 0.0534 | LR: 0.000005

=== Epoch 83/100 ===
  Batch 20: Total=0.0453 | loss_classifier: 0.000 | loss_box_reg: 0.001 | loss_mask: 0.044 | loss_objectness: 0.000 | loss_rpn_box_reg: 0.000
  Batch 40: Total=0.0463 | loss_classifier: 0.003 | loss_box_reg: 0.001 | loss_mask: 0.042 | loss_objectness: 0.000 | loss_rpn_box_reg: 0.000
  Batch 60: Total=0.0435 | loss_classifier: 0.001 | loss_box_reg: 0.001 | loss_mask: 0.041 | loss_objectness: 0.000 | loss_rpn_box_reg: 0.000
  Batch 80: Total=0.0463 | loss_classifier: 0.001 | loss_box_reg: 0.001 | loss_mask: 0.045 | loss_objectness: 0.000 | loss_rpn_box_reg: 0.000
  Batch 100: Total=0.0547 | loss_classifier: 0.003 | loss_box_reg: 0.001 | loss_mask: 0.051 | loss_objectness: 0.000 | loss_rpn_box_reg: 0.000
  Batch 120: Total=0.0411 | loss_classifier: 0.001 | loss_box_reg: 0.001 | loss_mask: 0.040 | loss_objectness: 0.000 | loss_rpn_box_reg: 0.000
  Batch 140: Total=0.0483 | loss_classifier: 0.001 | loss_box_reg: 0.001 | loss_mask: 0.046 | loss_objectness: 0.000 | loss_rpn_box_reg: 0.000
  Batch 160: Total=0.0600 | loss_classifier: 0.000 | loss_box_reg: 0.001 | loss_mask: 0.059 | loss_objectness: 0.000 | loss_rpn_box_reg: 0.000
  Batch 180: Total=0.0475 | loss_classifier: 0.004 | loss_box_reg: 0.001 | loss_mask: 0.043 | loss_objectness: 0.000 | loss_rpn_box_reg: 0.000
  Batch 200: Total=0.0503 | loss_classifier: 0.003 | loss_box_reg: 0.002 | loss_mask: 0.045 | loss_objectness: 0.000 | loss_rpn_box_reg: 0.000
  Batch 220: Total=0.0394 | loss_classifier: 0.002 | loss_box_reg: 0.000 | loss_mask: 0.037 | loss_objectness: 0.000 | loss_rpn_box_reg: 0.000
  Batch 240: Total=0.0470 | loss_classifier: 0.005 | loss_box_reg: 0.003 | loss_mask: 0.039 | loss_objectness: 0.000 | loss_rpn_box_reg: 0.000
  Batch 260: Total=0.0626 | loss_classifier: 0.007 | loss_box_reg: 0.002 | loss_mask: 0.053 | loss_objectness: 0.000 | loss_rpn_box_reg: 0.000
  Batch 280: Total=0.0505 | loss_classifier: 0.000 | loss_box_reg: 0.001 | loss_mask: 0.050 | loss_objectness: 0.000 | loss_rpn_box_reg: 0.000
  Batch 300: Total=0.0528 | loss_classifier: 0.002 | loss_box_reg: 0.004 | loss_mask: 0.048 | loss_objectness: 0.000 | loss_rpn_box_reg: 0.000
  Batch 320: Total=0.0572 | loss_classifier: 0.000 | loss_box_reg: 0.000 | loss_mask: 0.057 | loss_objectness: 0.000 | loss_rpn_box_reg: 0.000
  Batch 340: Total=0.0658 | loss_classifier: 0.009 | loss_box_reg: 0.004 | loss_mask: 0.053 | loss_objectness: 0.000 | loss_rpn_box_reg: 0.000
  Batch 360: Total=0.0466 | loss_classifier: 0.001 | loss_box_reg: 0.002 | loss_mask: 0.044 | loss_objectness: 0.000 | loss_rpn_box_reg: 0.000
  Batch 380: Total=0.0513 | loss_classifier: 0.000 | loss_box_reg: 0.001 | loss_mask: 0.050 | loss_objectness: 0.000 | loss_rpn_box_reg: 0.000
  Batch 400: Total=0.0455 | loss_classifier: 0.001 | loss_box_reg: 0.002 | loss_mask: 0.043 | loss_objectness: 0.000 | loss_rpn_box_reg: 0.000
Epoch 83 | Avg Loss: 0.0531 | LR: 0.000005

=== Epoch 84/100 ===
  Batch 20: Total=0.0445 | loss_classifier: 0.001 | loss_box_reg: 0.001 | loss_mask: 0.042 | loss_objectness: 0.000 | loss_rpn_box_reg: 0.000
  Batch 40: Total=0.0558 | loss_classifier: 0.009 | loss_box_reg: 0.002 | loss_mask: 0.045 | loss_objectness: 0.000 | loss_rpn_box_reg: 0.000
  Batch 60: Total=0.0465 | loss_classifier: 0.000 | loss_box_reg: 0.001 | loss_mask: 0.046 | loss_objectness: 0.000 | loss_rpn_box_reg: 0.000
  Batch 80: Total=0.0464 | loss_classifier: 0.003 | loss_box_reg: 0.002 | loss_mask: 0.042 | loss_objectness: 0.000 | loss_rpn_box_reg: 0.000
  Batch 100: Total=0.0472 | loss_classifier: 0.000 | loss_box_reg: 0.001 | loss_mask: 0.046 | loss_objectness: 0.000 | loss_rpn_box_reg: 0.000
  Batch 120: Total=0.0525 | loss_classifier: 0.000 | loss_box_reg: 0.004 | loss_mask: 0.048 | loss_objectness: 0.000 | loss_rpn_box_reg: 0.000
  Batch 140: Total=0.0461 | loss_classifier: 0.001 | loss_box_reg: 0.001 | loss_mask: 0.044 | loss_objectness: 0.000 | loss_rpn_box_reg: 0.000
  Batch 160: Total=0.0587 | loss_classifier: 0.004 | loss_box_reg: 0.002 | loss_mask: 0.053 | loss_objectness: 0.000 | loss_rpn_box_reg: 0.000
  Batch 180: Total=0.0424 | loss_classifier: 0.001 | loss_box_reg: 0.002 | loss_mask: 0.040 | loss_objectness: 0.000 | loss_rpn_box_reg: 0.000
  Batch 200: Total=0.0556 | loss_classifier: 0.001 | loss_box_reg: 0.001 | loss_mask: 0.053 | loss_objectness: 0.000 | loss_rpn_box_reg: 0.000
  Batch 220: Total=0.0504 | loss_classifier: 0.003 | loss_box_reg: 0.002 | loss_mask: 0.045 | loss_objectness: 0.000 | loss_rpn_box_reg: 0.000
  Batch 240: Total=0.0477 | loss_classifier: 0.001 | loss_box_reg: 0.001 | loss_mask: 0.046 | loss_objectness: 0.000 | loss_rpn_box_reg: 0.000
  Batch 260: Total=0.0511 | loss_classifier: 0.005 | loss_box_reg: 0.001 | loss_mask: 0.046 | loss_objectness: 0.000 | loss_rpn_box_reg: 0.000
  Batch 280: Total=0.0470 | loss_classifier: 0.002 | loss_box_reg: 0.001 | loss_mask: 0.044 | loss_objectness: 0.000 | loss_rpn_box_reg: 0.000
  Batch 300: Total=0.0614 | loss_classifier: 0.007 | loss_box_reg: 0.001 | loss_mask: 0.053 | loss_objectness: 0.000 | loss_rpn_box_reg: 0.000
  Batch 320: Total=0.0537 | loss_classifier: 0.001 | loss_box_reg: 0.001 | loss_mask: 0.052 | loss_objectness: 0.000 | loss_rpn_box_reg: 0.000
  Batch 340: Total=0.0491 | loss_classifier: 0.002 | loss_box_reg: 0.001 | loss_mask: 0.046 | loss_objectness: 0.000 | loss_rpn_box_reg: 0.000
  Batch 360: Total=0.0543 | loss_classifier: 0.000 | loss_box_reg: 0.000 | loss_mask: 0.054 | loss_objectness: 0.000 | loss_rpn_box_reg: 0.000
  Batch 380: Total=0.0431 | loss_classifier: 0.001 | loss_box_reg: 0.001 | loss_mask: 0.041 | loss_objectness: 0.000 | loss_rpn_box_reg: 0.000
  Batch 400: Total=0.0488 | loss_classifier: 0.001 | loss_box_reg: 0.001 | loss_mask: 0.046 | loss_objectness: 0.000 | loss_rpn_box_reg: 0.000
Epoch 84 | Avg Loss: 0.0527 | LR: 0.000004

=== Epoch 85/100 ===
  Batch 20: Total=0.0518 | loss_classifier: 0.003 | loss_box_reg: 0.000 | loss_mask: 0.048 | loss_objectness: 0.000 | loss_rpn_box_reg: 0.000
  Batch 40: Total=0.0456 | loss_classifier: 0.004 | loss_box_reg: 0.001 | loss_mask: 0.041 | loss_objectness: 0.000 | loss_rpn_box_reg: 0.000
  Batch 60: Total=0.0530 | loss_classifier: 0.006 | loss_box_reg: 0.001 | loss_mask: 0.046 | loss_objectness: 0.000 | loss_rpn_box_reg: 0.000
  Batch 80: Total=0.0509 | loss_classifier: 0.001 | loss_box_reg: 0.001 | loss_mask: 0.049 | loss_objectness: 0.000 | loss_rpn_box_reg: 0.000
  Batch 100: Total=0.0482 | loss_classifier: 0.000 | loss_box_reg: 0.000 | loss_mask: 0.047 | loss_objectness: 0.000 | loss_rpn_box_reg: 0.000
  Batch 120: Total=0.0402 | loss_classifier: 0.001 | loss_box_reg: 0.000 | loss_mask: 0.039 | loss_objectness: 0.000 | loss_rpn_box_reg: 0.000
  Batch 140: Total=0.0439 | loss_classifier: 0.001 | loss_box_reg: 0.001 | loss_mask: 0.041 | loss_objectness: 0.000 | loss_rpn_box_reg: 0.000
  Batch 160: Total=0.0679 | loss_classifier: 0.011 | loss_box_reg: 0.004 | loss_mask: 0.054 | loss_objectness: 0.000 | loss_rpn_box_reg: 0.000
  Batch 180: Total=0.0448 | loss_classifier: 0.001 | loss_box_reg: 0.001 | loss_mask: 0.044 | loss_objectness: 0.000 | loss_rpn_box_reg: 0.000
  Batch 200: Total=0.0625 | loss_classifier: 0.008 | loss_box_reg: 0.001 | loss_mask: 0.053 | loss_objectness: 0.000 | loss_rpn_box_reg: 0.000
  Batch 220: Total=0.0743 | loss_classifier: 0.002 | loss_box_reg: 0.001 | loss_mask: 0.072 | loss_objectness: 0.000 | loss_rpn_box_reg: 0.000
  Batch 240: Total=0.0522 | loss_classifier: 0.000 | loss_box_reg: 0.001 | loss_mask: 0.050 | loss_objectness: 0.001 | loss_rpn_box_reg: 0.000
  Batch 260: Total=0.0485 | loss_classifier: 0.005 | loss_box_reg: 0.001 | loss_mask: 0.043 | loss_objectness: 0.000 | loss_rpn_box_reg: 0.000
  Batch 280: Total=0.0646 | loss_classifier: 0.000 | loss_box_reg: 0.000 | loss_mask: 0.064 | loss_objectness: 0.000 | loss_rpn_box_reg: 0.000
  Batch 300: Total=0.0523 | loss_classifier: 0.001 | loss_box_reg: 0.001 | loss_mask: 0.051 | loss_objectness: 0.000 | loss_rpn_box_reg: 0.000
  Batch 320: Total=0.0480 | loss_classifier: 0.001 | loss_box_reg: 0.001 | loss_mask: 0.046 | loss_objectness: 0.000 | loss_rpn_box_reg: 0.000
  Batch 340: Total=0.0507 | loss_classifier: 0.001 | loss_box_reg: 0.002 | loss_mask: 0.048 | loss_objectness: 0.000 | loss_rpn_box_reg: 0.000
  Batch 360: Total=0.0510 | loss_classifier: 0.003 | loss_box_reg: 0.003 | loss_mask: 0.045 | loss_objectness: 0.000 | loss_rpn_box_reg: 0.000
  Batch 380: Total=0.0448 | loss_classifier: 0.003 | loss_box_reg: 0.001 | loss_mask: 0.041 | loss_objectness: 0.000 | loss_rpn_box_reg: 0.000
  Batch 400: Total=0.0484 | loss_classifier: 0.001 | loss_box_reg: 0.001 | loss_mask: 0.047 | loss_objectness: 0.000 | loss_rpn_box_reg: 0.000
Epoch 85 | Avg Loss: 0.0529 | LR: 0.000004

=== Epoch 86/100 ===
  Batch 20: Total=0.0501 | loss_classifier: 0.002 | loss_box_reg: 0.001 | loss_mask: 0.048 | loss_objectness: 0.000 | loss_rpn_box_reg: 0.000
  Batch 40: Total=0.0548 | loss_classifier: 0.000 | loss_box_reg: 0.001 | loss_mask: 0.054 | loss_objectness: 0.000 | loss_rpn_box_reg: 0.000
  Batch 60: Total=0.0450 | loss_classifier: 0.000 | loss_box_reg: 0.001 | loss_mask: 0.044 | loss_objectness: 0.000 | loss_rpn_box_reg: 0.000
  Batch 80: Total=0.0565 | loss_classifier: 0.001 | loss_box_reg: 0.004 | loss_mask: 0.052 | loss_objectness: 0.000 | loss_rpn_box_reg: 0.000
  Batch 100: Total=0.0574 | loss_classifier: 0.006 | loss_box_reg: 0.001 | loss_mask: 0.050 | loss_objectness: 0.000 | loss_rpn_box_reg: 0.000
  Batch 120: Total=0.0471 | loss_classifier: 0.005 | loss_box_reg: 0.001 | loss_mask: 0.041 | loss_objectness: 0.000 | loss_rpn_box_reg: 0.000
  Batch 140: Total=0.0479 | loss_classifier: 0.000 | loss_box_reg: 0.000 | loss_mask: 0.047 | loss_objectness: 0.000 | loss_rpn_box_reg: 0.000
  Batch 160: Total=0.0383 | loss_classifier: 0.001 | loss_box_reg: 0.002 | loss_mask: 0.036 | loss_objectness: 0.000 | loss_rpn_box_reg: 0.000
  Batch 180: Total=0.0549 | loss_classifier: 0.002 | loss_box_reg: 0.003 | loss_mask: 0.050 | loss_objectness: 0.000 | loss_rpn_box_reg: 0.000
  Batch 200: Total=0.0599 | loss_classifier: 0.000 | loss_box_reg: 0.001 | loss_mask: 0.058 | loss_objectness: 0.000 | loss_rpn_box_reg: 0.000
  Batch 220: Total=0.0411 | loss_classifier: 0.000 | loss_box_reg: 0.001 | loss_mask: 0.040 | loss_objectness: 0.000 | loss_rpn_box_reg: 0.000
  Batch 240: Total=0.0427 | loss_classifier: 0.001 | loss_box_reg: 0.001 | loss_mask: 0.041 | loss_objectness: 0.000 | loss_rpn_box_reg: 0.000
  Batch 260: Total=0.0480 | loss_classifier: 0.000 | loss_box_reg: 0.002 | loss_mask: 0.046 | loss_objectness: 0.000 | loss_rpn_box_reg: 0.000
  Batch 280: Total=0.0444 | loss_classifier: 0.000 | loss_box_reg: 0.001 | loss_mask: 0.044 | loss_objectness: 0.000 | loss_rpn_box_reg: 0.000
  Batch 300: Total=0.0504 | loss_classifier: 0.003 | loss_box_reg: 0.001 | loss_mask: 0.046 | loss_objectness: 0.000 | loss_rpn_box_reg: 0.000
  Batch 320: Total=0.0480 | loss_classifier: 0.000 | loss_box_reg: 0.000 | loss_mask: 0.047 | loss_objectness: 0.000 | loss_rpn_box_reg: 0.000
  Batch 340: Total=0.0422 | loss_classifier: 0.000 | loss_box_reg: 0.001 | loss_mask: 0.041 | loss_objectness: 0.000 | loss_rpn_box_reg: 0.000
  Batch 360: Total=0.0519 | loss_classifier: 0.004 | loss_box_reg: 0.001 | loss_mask: 0.046 | loss_objectness: 0.000 | loss_rpn_box_reg: 0.000
  Batch 380: Total=0.0522 | loss_classifier: 0.000 | loss_box_reg: 0.001 | loss_mask: 0.051 | loss_objectness: 0.000 | loss_rpn_box_reg: 0.000
  Batch 400: Total=0.0561 | loss_classifier: 0.002 | loss_box_reg: 0.002 | loss_mask: 0.052 | loss_objectness: 0.000 | loss_rpn_box_reg: 0.000
Epoch 86 | Avg Loss: 0.0526 | LR: 0.000003

=== Epoch 87/100 ===
  Batch 20: Total=0.0620 | loss_classifier: 0.001 | loss_box_reg: 0.001 | loss_mask: 0.060 | loss_objectness: 0.000 | loss_rpn_box_reg: 0.000
  Batch 40: Total=0.0457 | loss_classifier: 0.002 | loss_box_reg: 0.001 | loss_mask: 0.043 | loss_objectness: 0.000 | loss_rpn_box_reg: 0.000
  Batch 60: Total=0.0406 | loss_classifier: 0.001 | loss_box_reg: 0.001 | loss_mask: 0.039 | loss_objectness: 0.000 | loss_rpn_box_reg: 0.000
  Batch 80: Total=0.0780 | loss_classifier: 0.017 | loss_box_reg: 0.009 | loss_mask: 0.051 | loss_objectness: 0.000 | loss_rpn_box_reg: 0.000
  Batch 100: Total=0.0371 | loss_classifier: 0.000 | loss_box_reg: 0.001 | loss_mask: 0.036 | loss_objectness: 0.000 | loss_rpn_box_reg: 0.000
  Batch 120: Total=0.0498 | loss_classifier: 0.002 | loss_box_reg: 0.001 | loss_mask: 0.047 | loss_objectness: 0.000 | loss_rpn_box_reg: 0.000
  Batch 140: Total=0.0616 | loss_classifier: 0.002 | loss_box_reg: 0.001 | loss_mask: 0.059 | loss_objectness: 0.000 | loss_rpn_box_reg: 0.000
  Batch 160: Total=0.0504 | loss_classifier: 0.007 | loss_box_reg: 0.002 | loss_mask: 0.041 | loss_objectness: 0.000 | loss_rpn_box_reg: 0.000
  Batch 180: Total=0.0523 | loss_classifier: 0.001 | loss_box_reg: 0.001 | loss_mask: 0.051 | loss_objectness: 0.000 | loss_rpn_box_reg: 0.000
  Batch 200: Total=0.0447 | loss_classifier: 0.002 | loss_box_reg: 0.001 | loss_mask: 0.042 | loss_objectness: 0.000 | loss_rpn_box_reg: 0.000
  Batch 220: Total=0.0730 | loss_classifier: 0.005 | loss_box_reg: 0.001 | loss_mask: 0.067 | loss_objectness: 0.000 | loss_rpn_box_reg: 0.000
  Batch 240: Total=0.0517 | loss_classifier: 0.001 | loss_box_reg: 0.002 | loss_mask: 0.049 | loss_objectness: 0.000 | loss_rpn_box_reg: 0.000
  Batch 260: Total=0.0462 | loss_classifier: 0.001 | loss_box_reg: 0.000 | loss_mask: 0.045 | loss_objectness: 0.000 | loss_rpn_box_reg: 0.000
  Batch 280: Total=0.0521 | loss_classifier: 0.000 | loss_box_reg: 0.001 | loss_mask: 0.051 | loss_objectness: 0.000 | loss_rpn_box_reg: 0.000
  Batch 300: Total=0.0681 | loss_classifier: 0.010 | loss_box_reg: 0.008 | loss_mask: 0.049 | loss_objectness: 0.000 | loss_rpn_box_reg: 0.000
  Batch 320: Total=0.0510 | loss_classifier: 0.000 | loss_box_reg: 0.003 | loss_mask: 0.047 | loss_objectness: 0.000 | loss_rpn_box_reg: 0.000
  Batch 340: Total=0.0663 | loss_classifier: 0.003 | loss_box_reg: 0.003 | loss_mask: 0.060 | loss_objectness: 0.000 | loss_rpn_box_reg: 0.000
  Batch 360: Total=0.0586 | loss_classifier: 0.006 | loss_box_reg: 0.001 | loss_mask: 0.052 | loss_objectness: 0.000 | loss_rpn_box_reg: 0.000
  Batch 380: Total=0.0460 | loss_classifier: 0.002 | loss_box_reg: 0.001 | loss_mask: 0.042 | loss_objectness: 0.000 | loss_rpn_box_reg: 0.000
  Batch 400: Total=0.0561 | loss_classifier: 0.000 | loss_box_reg: 0.001 | loss_mask: 0.055 | loss_objectness: 0.000 | loss_rpn_box_reg: 0.000
Epoch 87 | Avg Loss: 0.0522 | LR: 0.000003

=== Epoch 88/100 ===
  Batch 20: Total=0.0447 | loss_classifier: 0.002 | loss_box_reg: 0.001 | loss_mask: 0.042 | loss_objectness: 0.000 | loss_rpn_box_reg: 0.000
  Batch 40: Total=0.0467 | loss_classifier: 0.002 | loss_box_reg: 0.001 | loss_mask: 0.044 | loss_objectness: 0.000 | loss_rpn_box_reg: 0.000
  Batch 60: Total=0.0392 | loss_classifier: 0.003 | loss_box_reg: 0.001 | loss_mask: 0.036 | loss_objectness: 0.000 | loss_rpn_box_reg: 0.000
  Batch 80: Total=0.0585 | loss_classifier: 0.001 | loss_box_reg: 0.000 | loss_mask: 0.057 | loss_objectness: 0.000 | loss_rpn_box_reg: 0.000
  Batch 100: Total=0.0527 | loss_classifier: 0.000 | loss_box_reg: 0.001 | loss_mask: 0.052 | loss_objectness: 0.000 | loss_rpn_box_reg: 0.000
  Batch 120: Total=0.0457 | loss_classifier: 0.002 | loss_box_reg: 0.001 | loss_mask: 0.043 | loss_objectness: 0.000 | loss_rpn_box_reg: 0.000
  Batch 140: Total=0.0453 | loss_classifier: 0.002 | loss_box_reg: 0.001 | loss_mask: 0.043 | loss_objectness: 0.000 | loss_rpn_box_reg: 0.000
  Batch 160: Total=0.0533 | loss_classifier: 0.002 | loss_box_reg: 0.002 | loss_mask: 0.049 | loss_objectness: 0.000 | loss_rpn_box_reg: 0.000
  Batch 180: Total=0.0522 | loss_classifier: 0.002 | loss_box_reg: 0.002 | loss_mask: 0.048 | loss_objectness: 0.000 | loss_rpn_box_reg: 0.000
  Batch 200: Total=0.0532 | loss_classifier: 0.003 | loss_box_reg: 0.001 | loss_mask: 0.049 | loss_objectness: 0.000 | loss_rpn_box_reg: 0.000
  Batch 220: Total=0.0599 | loss_classifier: 0.005 | loss_box_reg: 0.001 | loss_mask: 0.054 | loss_objectness: 0.000 | loss_rpn_box_reg: 0.000
  Batch 240: Total=0.0492 | loss_classifier: 0.001 | loss_box_reg: 0.001 | loss_mask: 0.047 | loss_objectness: 0.000 | loss_rpn_box_reg: 0.000
  Batch 260: Total=0.0701 | loss_classifier: 0.000 | loss_box_reg: 0.000 | loss_mask: 0.070 | loss_objectness: 0.000 | loss_rpn_box_reg: 0.000
  Batch 280: Total=0.0944 | loss_classifier: 0.018 | loss_box_reg: 0.009 | loss_mask: 0.067 | loss_objectness: 0.000 | loss_rpn_box_reg: 0.000
  Batch 300: Total=0.0458 | loss_classifier: 0.000 | loss_box_reg: 0.001 | loss_mask: 0.044 | loss_objectness: 0.000 | loss_rpn_box_reg: 0.000
  Batch 320: Total=0.0472 | loss_classifier: 0.001 | loss_box_reg: 0.001 | loss_mask: 0.046 | loss_objectness: 0.000 | loss_rpn_box_reg: 0.000
  Batch 340: Total=0.0739 | loss_classifier: 0.009 | loss_box_reg: 0.007 | loss_mask: 0.057 | loss_objectness: 0.000 | loss_rpn_box_reg: 0.000
  Batch 360: Total=0.0526 | loss_classifier: 0.001 | loss_box_reg: 0.001 | loss_mask: 0.051 | loss_objectness: 0.000 | loss_rpn_box_reg: 0.000
  Batch 380: Total=0.0471 | loss_classifier: 0.002 | loss_box_reg: 0.001 | loss_mask: 0.044 | loss_objectness: 0.000 | loss_rpn_box_reg: 0.000
  Batch 400: Total=0.0502 | loss_classifier: 0.005 | loss_box_reg: 0.000 | loss_mask: 0.044 | loss_objectness: 0.000 | loss_rpn_box_reg: 0.000
Epoch 88 | Avg Loss: 0.0520 | LR: 0.000003

=== Epoch 89/100 ===
  Batch 20: Total=0.0488 | loss_classifier: 0.000 | loss_box_reg: 0.001 | loss_mask: 0.048 | loss_objectness: 0.000 | loss_rpn_box_reg: 0.000
  Batch 40: Total=0.0442 | loss_classifier: 0.002 | loss_box_reg: 0.001 | loss_mask: 0.041 | loss_objectness: 0.000 | loss_rpn_box_reg: 0.000
  Batch 60: Total=0.0520 | loss_classifier: 0.004 | loss_box_reg: 0.002 | loss_mask: 0.046 | loss_objectness: 0.000 | loss_rpn_box_reg: 0.000
  Batch 80: Total=0.0532 | loss_classifier: 0.001 | loss_box_reg: 0.001 | loss_mask: 0.051 | loss_objectness: 0.000 | loss_rpn_box_reg: 0.000
  Batch 100: Total=0.0481 | loss_classifier: 0.005 | loss_box_reg: 0.001 | loss_mask: 0.042 | loss_objectness: 0.000 | loss_rpn_box_reg: 0.000
  Batch 120: Total=0.0534 | loss_classifier: 0.007 | loss_box_reg: 0.001 | loss_mask: 0.045 | loss_objectness: 0.000 | loss_rpn_box_reg: 0.000
  Batch 140: Total=0.0481 | loss_classifier: 0.004 | loss_box_reg: 0.003 | loss_mask: 0.041 | loss_objectness: 0.000 | loss_rpn_box_reg: 0.000
  Batch 160: Total=0.0522 | loss_classifier: 0.000 | loss_box_reg: 0.001 | loss_mask: 0.051 | loss_objectness: 0.000 | loss_rpn_box_reg: 0.000
  Batch 180: Total=0.0550 | loss_classifier: 0.000 | loss_box_reg: 0.000 | loss_mask: 0.055 | loss_objectness: 0.000 | loss_rpn_box_reg: 0.000
  Batch 200: Total=0.0410 | loss_classifier: 0.001 | loss_box_reg: 0.001 | loss_mask: 0.039 | loss_objectness: 0.000 | loss_rpn_box_reg: 0.000
  Batch 220: Total=0.0442 | loss_classifier: 0.001 | loss_box_reg: 0.001 | loss_mask: 0.043 | loss_objectness: 0.000 | loss_rpn_box_reg: 0.000
  Batch 240: Total=0.0462 | loss_classifier: 0.002 | loss_box_reg: 0.000 | loss_mask: 0.044 | loss_objectness: 0.000 | loss_rpn_box_reg: 0.000
  Batch 260: Total=0.0495 | loss_classifier: 0.000 | loss_box_reg: 0.001 | loss_mask: 0.049 | loss_objectness: 0.000 | loss_rpn_box_reg: 0.000
  Batch 280: Total=0.0491 | loss_classifier: 0.001 | loss_box_reg: 0.000 | loss_mask: 0.047 | loss_objectness: 0.000 | loss_rpn_box_reg: 0.000
  Batch 300: Total=0.0518 | loss_classifier: 0.003 | loss_box_reg: 0.001 | loss_mask: 0.048 | loss_objectness: 0.000 | loss_rpn_box_reg: 0.000
  Batch 320: Total=0.0502 | loss_classifier: 0.000 | loss_box_reg: 0.001 | loss_mask: 0.049 | loss_objectness: 0.000 | loss_rpn_box_reg: 0.000
  Batch 340: Total=0.0533 | loss_classifier: 0.005 | loss_box_reg: 0.002 | loss_mask: 0.046 | loss_objectness: 0.000 | loss_rpn_box_reg: 0.000
  Batch 360: Total=0.0468 | loss_classifier: 0.001 | loss_box_reg: 0.001 | loss_mask: 0.045 | loss_objectness: 0.000 | loss_rpn_box_reg: 0.000
  Batch 380: Total=0.0751 | loss_classifier: 0.000 | loss_box_reg: 0.001 | loss_mask: 0.074 | loss_objectness: 0.000 | loss_rpn_box_reg: 0.000
  Batch 400: Total=0.0524 | loss_classifier: 0.001 | loss_box_reg: 0.000 | loss_mask: 0.051 | loss_objectness: 0.000 | loss_rpn_box_reg: 0.000
Epoch 89 | Avg Loss: 0.0517 | LR: 0.000003

=== Epoch 90/100 ===
  Batch 20: Total=0.0454 | loss_classifier: 0.000 | loss_box_reg: 0.001 | loss_mask: 0.045 | loss_objectness: 0.000 | loss_rpn_box_reg: 0.000
  Batch 40: Total=0.0508 | loss_classifier: 0.001 | loss_box_reg: 0.001 | loss_mask: 0.050 | loss_objectness: 0.000 | loss_rpn_box_reg: 0.000
  Batch 60: Total=0.0415 | loss_classifier: 0.000 | loss_box_reg: 0.001 | loss_mask: 0.041 | loss_objectness: 0.000 | loss_rpn_box_reg: 0.000
  Batch 80: Total=0.0465 | loss_classifier: 0.001 | loss_box_reg: 0.000 | loss_mask: 0.045 | loss_objectness: 0.000 | loss_rpn_box_reg: 0.000
  Batch 100: Total=0.0537 | loss_classifier: 0.000 | loss_box_reg: 0.001 | loss_mask: 0.052 | loss_objectness: 0.000 | loss_rpn_box_reg: 0.000
  Batch 120: Total=0.0428 | loss_classifier: 0.001 | loss_box_reg: 0.001 | loss_mask: 0.040 | loss_objectness: 0.000 | loss_rpn_box_reg: 0.000
  Batch 140: Total=0.0436 | loss_classifier: 0.001 | loss_box_reg: 0.001 | loss_mask: 0.042 | loss_objectness: 0.000 | loss_rpn_box_reg: 0.000
  Batch 160: Total=0.0718 | loss_classifier: 0.001 | loss_box_reg: 0.001 | loss_mask: 0.070 | loss_objectness: 0.000 | loss_rpn_box_reg: 0.000
  Batch 180: Total=0.0513 | loss_classifier: 0.001 | loss_box_reg: 0.001 | loss_mask: 0.050 | loss_objectness: 0.000 | loss_rpn_box_reg: 0.000
  Batch 200: Total=0.0468 | loss_classifier: 0.002 | loss_box_reg: 0.000 | loss_mask: 0.045 | loss_objectness: 0.000 | loss_rpn_box_reg: 0.000
  Batch 220: Total=0.0719 | loss_classifier: 0.001 | loss_box_reg: 0.001 | loss_mask: 0.069 | loss_objectness: 0.000 | loss_rpn_box_reg: 0.000
  Batch 240: Total=0.0523 | loss_classifier: 0.001 | loss_box_reg: 0.001 | loss_mask: 0.051 | loss_objectness: 0.000 | loss_rpn_box_reg: 0.000
  Batch 260: Total=0.0572 | loss_classifier: 0.002 | loss_box_reg: 0.004 | loss_mask: 0.051 | loss_objectness: 0.000 | loss_rpn_box_reg: 0.000
  Batch 280: Total=0.0431 | loss_classifier: 0.000 | loss_box_reg: 0.001 | loss_mask: 0.042 | loss_objectness: 0.000 | loss_rpn_box_reg: 0.000
  Batch 300: Total=0.0510 | loss_classifier: 0.006 | loss_box_reg: 0.001 | loss_mask: 0.043 | loss_objectness: 0.000 | loss_rpn_box_reg: 0.000
  Batch 320: Total=0.0700 | loss_classifier: 0.001 | loss_box_reg: 0.001 | loss_mask: 0.069 | loss_objectness: 0.000 | loss_rpn_box_reg: 0.000
  Batch 340: Total=0.0521 | loss_classifier: 0.005 | loss_box_reg: 0.002 | loss_mask: 0.045 | loss_objectness: 0.000 | loss_rpn_box_reg: 0.000
  Batch 360: Total=0.0504 | loss_classifier: 0.002 | loss_box_reg: 0.000 | loss_mask: 0.048 | loss_objectness: 0.000 | loss_rpn_box_reg: 0.000
  Batch 380: Total=0.0572 | loss_classifier: 0.000 | loss_box_reg: 0.001 | loss_mask: 0.056 | loss_objectness: 0.000 | loss_rpn_box_reg: 0.000
  Batch 400: Total=0.0526 | loss_classifier: 0.001 | loss_box_reg: 0.000 | loss_mask: 0.051 | loss_objectness: 0.000 | loss_rpn_box_reg: 0.000
Epoch 90 | Avg Loss: 0.0516 | LR: 0.000002

=== Epoch 91/100 ===
  Batch 20: Total=0.0567 | loss_classifier: 0.001 | loss_box_reg: 0.001 | loss_mask: 0.055 | loss_objectness: 0.000 | loss_rpn_box_reg: 0.000
  Batch 40: Total=0.0512 | loss_classifier: 0.000 | loss_box_reg: 0.002 | loss_mask: 0.049 | loss_objectness: 0.000 | loss_rpn_box_reg: 0.000
  Batch 60: Total=0.0448 | loss_classifier: 0.000 | loss_box_reg: 0.001 | loss_mask: 0.044 | loss_objectness: 0.000 | loss_rpn_box_reg: 0.000
  Batch 80: Total=0.0557 | loss_classifier: 0.001 | loss_box_reg: 0.001 | loss_mask: 0.054 | loss_objectness: 0.000 | loss_rpn_box_reg: 0.000
  Batch 100: Total=0.0418 | loss_classifier: 0.002 | loss_box_reg: 0.000 | loss_mask: 0.040 | loss_objectness: 0.000 | loss_rpn_box_reg: 0.000
  Batch 120: Total=0.0550 | loss_classifier: 0.001 | loss_box_reg: 0.001 | loss_mask: 0.054 | loss_objectness: 0.000 | loss_rpn_box_reg: 0.000
  Batch 140: Total=0.0492 | loss_classifier: 0.001 | loss_box_reg: 0.000 | loss_mask: 0.048 | loss_objectness: 0.000 | loss_rpn_box_reg: 0.000
  Batch 160: Total=0.0512 | loss_classifier: 0.001 | loss_box_reg: 0.001 | loss_mask: 0.049 | loss_objectness: 0.000 | loss_rpn_box_reg: 0.000
  Batch 180: Total=0.0514 | loss_classifier: 0.000 | loss_box_reg: 0.001 | loss_mask: 0.050 | loss_objectness: 0.000 | loss_rpn_box_reg: 0.000
  Batch 200: Total=0.0648 | loss_classifier: 0.007 | loss_box_reg: 0.003 | loss_mask: 0.055 | loss_objectness: 0.000 | loss_rpn_box_reg: 0.000
  Batch 220: Total=0.0546 | loss_classifier: 0.004 | loss_box_reg: 0.001 | loss_mask: 0.050 | loss_objectness: 0.000 | loss_rpn_box_reg: 0.000
  Batch 240: Total=0.0497 | loss_classifier: 0.002 | loss_box_reg: 0.001 | loss_mask: 0.047 | loss_objectness: 0.000 | loss_rpn_box_reg: 0.000
  Batch 260: Total=0.0480 | loss_classifier: 0.001 | loss_box_reg: 0.001 | loss_mask: 0.046 | loss_objectness: 0.000 | loss_rpn_box_reg: 0.000
  Batch 280: Total=0.0484 | loss_classifier: 0.001 | loss_box_reg: 0.000 | loss_mask: 0.047 | loss_objectness: 0.000 | loss_rpn_box_reg: 0.000
  Batch 300: Total=0.0402 | loss_classifier: 0.002 | loss_box_reg: 0.001 | loss_mask: 0.038 | loss_objectness: 0.000 | loss_rpn_box_reg: 0.000
  Batch 320: Total=0.0592 | loss_classifier: 0.007 | loss_box_reg: 0.001 | loss_mask: 0.052 | loss_objectness: 0.000 | loss_rpn_box_reg: 0.000
  Batch 340: Total=0.0395 | loss_classifier: 0.003 | loss_box_reg: 0.001 | loss_mask: 0.036 | loss_objectness: 0.000 | loss_rpn_box_reg: 0.000
  Batch 360: Total=0.0533 | loss_classifier: 0.001 | loss_box_reg: 0.001 | loss_mask: 0.051 | loss_objectness: 0.000 | loss_rpn_box_reg: 0.000
  Batch 380: Total=0.0564 | loss_classifier: 0.002 | loss_box_reg: 0.001 | loss_mask: 0.054 | loss_objectness: 0.000 | loss_rpn_box_reg: 0.000
  Batch 400: Total=0.0441 | loss_classifier: 0.001 | loss_box_reg: 0.001 | loss_mask: 0.042 | loss_objectness: 0.000 | loss_rpn_box_reg: 0.000
Epoch 91 | Avg Loss: 0.0514 | LR: 0.000002

=== Epoch 92/100 ===
  Batch 20: Total=0.0451 | loss_classifier: 0.001 | loss_box_reg: 0.001 | loss_mask: 0.044 | loss_objectness: 0.000 | loss_rpn_box_reg: 0.000
  Batch 40: Total=0.0563 | loss_classifier: 0.002 | loss_box_reg: 0.001 | loss_mask: 0.054 | loss_objectness: 0.000 | loss_rpn_box_reg: 0.000
  Batch 60: Total=0.0485 | loss_classifier: 0.001 | loss_box_reg: 0.001 | loss_mask: 0.046 | loss_objectness: 0.000 | loss_rpn_box_reg: 0.000
  Batch 80: Total=0.0541 | loss_classifier: 0.005 | loss_box_reg: 0.002 | loss_mask: 0.047 | loss_objectness: 0.000 | loss_rpn_box_reg: 0.000
  Batch 100: Total=0.0565 | loss_classifier: 0.007 | loss_box_reg: 0.001 | loss_mask: 0.049 | loss_objectness: 0.000 | loss_rpn_box_reg: 0.000
  Batch 120: Total=0.0440 | loss_classifier: 0.002 | loss_box_reg: 0.001 | loss_mask: 0.041 | loss_objectness: 0.000 | loss_rpn_box_reg: 0.000
  Batch 140: Total=0.0545 | loss_classifier: 0.001 | loss_box_reg: 0.001 | loss_mask: 0.052 | loss_objectness: 0.000 | loss_rpn_box_reg: 0.000
  Batch 160: Total=0.0492 | loss_classifier: 0.001 | loss_box_reg: 0.001 | loss_mask: 0.048 | loss_objectness: 0.000 | loss_rpn_box_reg: 0.000
  Batch 180: Total=0.0454 | loss_classifier: 0.000 | loss_box_reg: 0.001 | loss_mask: 0.045 | loss_objectness: 0.000 | loss_rpn_box_reg: 0.000
  Batch 200: Total=0.0466 | loss_classifier: 0.002 | loss_box_reg: 0.001 | loss_mask: 0.043 | loss_objectness: 0.000 | loss_rpn_box_reg: 0.000
  Batch 220: Total=0.0413 | loss_classifier: 0.000 | loss_box_reg: 0.001 | loss_mask: 0.040 | loss_objectness: 0.000 | loss_rpn_box_reg: 0.000
  Batch 240: Total=0.0538 | loss_classifier: 0.000 | loss_box_reg: 0.000 | loss_mask: 0.053 | loss_objectness: 0.000 | loss_rpn_box_reg: 0.000
  Batch 260: Total=0.0644 | loss_classifier: 0.006 | loss_box_reg: 0.001 | loss_mask: 0.057 | loss_objectness: 0.000 | loss_rpn_box_reg: 0.000
  Batch 280: Total=0.0532 | loss_classifier: 0.003 | loss_box_reg: 0.001 | loss_mask: 0.050 | loss_objectness: 0.000 | loss_rpn_box_reg: 0.000
  Batch 300: Total=0.0505 | loss_classifier: 0.001 | loss_box_reg: 0.001 | loss_mask: 0.048 | loss_objectness: 0.000 | loss_rpn_box_reg: 0.000
  Batch 320: Total=0.0399 | loss_classifier: 0.001 | loss_box_reg: 0.001 | loss_mask: 0.039 | loss_objectness: 0.000 | loss_rpn_box_reg: 0.000
  Batch 340: Total=0.0524 | loss_classifier: 0.000 | loss_box_reg: 0.000 | loss_mask: 0.052 | loss_objectness: 0.000 | loss_rpn_box_reg: 0.000
  Batch 360: Total=0.0660 | loss_classifier: 0.002 | loss_box_reg: 0.001 | loss_mask: 0.063 | loss_objectness: 0.000 | loss_rpn_box_reg: 0.000
  Batch 380: Total=0.0412 | loss_classifier: 0.001 | loss_box_reg: 0.001 | loss_mask: 0.040 | loss_objectness: 0.000 | loss_rpn_box_reg: 0.000
  Batch 400: Total=0.0447 | loss_classifier: 0.000 | loss_box_reg: 0.001 | loss_mask: 0.044 | loss_objectness: 0.000 | loss_rpn_box_reg: 0.000
Epoch 92 | Avg Loss: 0.0514 | LR: 0.000002

=== Epoch 93/100 ===
  Batch 20: Total=0.0455 | loss_classifier: 0.000 | loss_box_reg: 0.001 | loss_mask: 0.045 | loss_objectness: 0.000 | loss_rpn_box_reg: 0.000
  Batch 40: Total=0.0559 | loss_classifier: 0.000 | loss_box_reg: 0.000 | loss_mask: 0.055 | loss_objectness: 0.000 | loss_rpn_box_reg: 0.000
  Batch 60: Total=0.0449 | loss_classifier: 0.000 | loss_box_reg: 0.001 | loss_mask: 0.044 | loss_objectness: 0.000 | loss_rpn_box_reg: 0.000
  Batch 80: Total=0.0465 | loss_classifier: 0.000 | loss_box_reg: 0.001 | loss_mask: 0.045 | loss_objectness: 0.000 | loss_rpn_box_reg: 0.000
  Batch 100: Total=0.0587 | loss_classifier: 0.001 | loss_box_reg: 0.001 | loss_mask: 0.057 | loss_objectness: 0.000 | loss_rpn_box_reg: 0.000
  Batch 120: Total=0.0441 | loss_classifier: 0.000 | loss_box_reg: 0.000 | loss_mask: 0.043 | loss_objectness: 0.000 | loss_rpn_box_reg: 0.000
  Batch 140: Total=0.0541 | loss_classifier: 0.007 | loss_box_reg: 0.002 | loss_mask: 0.045 | loss_objectness: 0.000 | loss_rpn_box_reg: 0.000
  Batch 160: Total=0.0501 | loss_classifier: 0.001 | loss_box_reg: 0.001 | loss_mask: 0.048 | loss_objectness: 0.000 | loss_rpn_box_reg: 0.000
  Batch 180: Total=0.0548 | loss_classifier: 0.000 | loss_box_reg: 0.000 | loss_mask: 0.055 | loss_objectness: 0.000 | loss_rpn_box_reg: 0.000
  Batch 200: Total=0.0470 | loss_classifier: 0.001 | loss_box_reg: 0.001 | loss_mask: 0.046 | loss_objectness: 0.000 | loss_rpn_box_reg: 0.000
  Batch 220: Total=0.0401 | loss_classifier: 0.001 | loss_box_reg: 0.001 | loss_mask: 0.038 | loss_objectness: 0.000 | loss_rpn_box_reg: 0.000
  Batch 240: Total=0.0754 | loss_classifier: 0.010 | loss_box_reg: 0.001 | loss_mask: 0.065 | loss_objectness: 0.000 | loss_rpn_box_reg: 0.000
  Batch 260: Total=0.0499 | loss_classifier: 0.002 | loss_box_reg: 0.000 | loss_mask: 0.047 | loss_objectness: 0.000 | loss_rpn_box_reg: 0.000
  Batch 280: Total=0.0529 | loss_classifier: 0.004 | loss_box_reg: 0.002 | loss_mask: 0.047 | loss_objectness: 0.000 | loss_rpn_box_reg: 0.000
  Batch 300: Total=0.0559 | loss_classifier: 0.005 | loss_box_reg: 0.001 | loss_mask: 0.049 | loss_objectness: 0.000 | loss_rpn_box_reg: 0.000
  Batch 320: Total=0.0412 | loss_classifier: 0.000 | loss_box_reg: 0.000 | loss_mask: 0.040 | loss_objectness: 0.000 | loss_rpn_box_reg: 0.000
  Batch 340: Total=0.0493 | loss_classifier: 0.004 | loss_box_reg: 0.001 | loss_mask: 0.044 | loss_objectness: 0.000 | loss_rpn_box_reg: 0.000
  Batch 360: Total=0.0500 | loss_classifier: 0.004 | loss_box_reg: 0.001 | loss_mask: 0.045 | loss_objectness: 0.000 | loss_rpn_box_reg: 0.000
  Batch 380: Total=0.0607 | loss_classifier: 0.001 | loss_box_reg: 0.001 | loss_mask: 0.059 | loss_objectness: 0.000 | loss_rpn_box_reg: 0.000
  Batch 400: Total=0.0498 | loss_classifier: 0.002 | loss_box_reg: 0.000 | loss_mask: 0.047 | loss_objectness: 0.000 | loss_rpn_box_reg: 0.000
Epoch 93 | Avg Loss: 0.0513 | LR: 0.000002

=== Epoch 94/100 ===
  Batch 20: Total=0.0393 | loss_classifier: 0.002 | loss_box_reg: 0.001 | loss_mask: 0.037 | loss_objectness: 0.000 | loss_rpn_box_reg: 0.000
  Batch 40: Total=0.0458 | loss_classifier: 0.002 | loss_box_reg: 0.002 | loss_mask: 0.041 | loss_objectness: 0.000 | loss_rpn_box_reg: 0.000
  Batch 60: Total=0.0409 | loss_classifier: 0.000 | loss_box_reg: 0.000 | loss_mask: 0.040 | loss_objectness: 0.000 | loss_rpn_box_reg: 0.000
  Batch 80: Total=0.0512 | loss_classifier: 0.002 | loss_box_reg: 0.001 | loss_mask: 0.048 | loss_objectness: 0.000 | loss_rpn_box_reg: 0.000
  Batch 100: Total=0.0418 | loss_classifier: 0.000 | loss_box_reg: 0.000 | loss_mask: 0.041 | loss_objectness: 0.000 | loss_rpn_box_reg: 0.000
  Batch 120: Total=0.0524 | loss_classifier: 0.002 | loss_box_reg: 0.002 | loss_mask: 0.049 | loss_objectness: 0.000 | loss_rpn_box_reg: 0.000
  Batch 140: Total=0.0543 | loss_classifier: 0.000 | loss_box_reg: 0.000 | loss_mask: 0.054 | loss_objectness: 0.000 | loss_rpn_box_reg: 0.000
  Batch 160: Total=0.0541 | loss_classifier: 0.004 | loss_box_reg: 0.001 | loss_mask: 0.050 | loss_objectness: 0.000 | loss_rpn_box_reg: 0.000
  Batch 180: Total=0.0515 | loss_classifier: 0.000 | loss_box_reg: 0.000 | loss_mask: 0.051 | loss_objectness: 0.000 | loss_rpn_box_reg: 0.000
  Batch 200: Total=0.0358 | loss_classifier: 0.001 | loss_box_reg: 0.001 | loss_mask: 0.034 | loss_objectness: 0.000 | loss_rpn_box_reg: 0.000
  Batch 220: Total=0.0453 | loss_classifier: 0.000 | loss_box_reg: 0.001 | loss_mask: 0.045 | loss_objectness: 0.000 | loss_rpn_box_reg: 0.000
  Batch 240: Total=0.0473 | loss_classifier: 0.000 | loss_box_reg: 0.000 | loss_mask: 0.047 | loss_objectness: 0.000 | loss_rpn_box_reg: 0.000
  Batch 260: Total=0.0588 | loss_classifier: 0.006 | loss_box_reg: 0.001 | loss_mask: 0.052 | loss_objectness: 0.000 | loss_rpn_box_reg: 0.000
  Batch 280: Total=0.0512 | loss_classifier: 0.003 | loss_box_reg: 0.001 | loss_mask: 0.047 | loss_objectness: 0.000 | loss_rpn_box_reg: 0.000
  Batch 300: Total=0.0495 | loss_classifier: 0.000 | loss_box_reg: 0.000 | loss_mask: 0.049 | loss_objectness: 0.000 | loss_rpn_box_reg: 0.000
  Batch 320: Total=0.0694 | loss_classifier: 0.000 | loss_box_reg: 0.000 | loss_mask: 0.069 | loss_objectness: 0.000 | loss_rpn_box_reg: 0.000
  Batch 340: Total=0.0454 | loss_classifier: 0.001 | loss_box_reg: 0.000 | loss_mask: 0.044 | loss_objectness: 0.000 | loss_rpn_box_reg: 0.000
  Batch 360: Total=0.0482 | loss_classifier: 0.002 | loss_box_reg: 0.001 | loss_mask: 0.046 | loss_objectness: 0.000 | loss_rpn_box_reg: 0.000
  Batch 380: Total=0.0554 | loss_classifier: 0.000 | loss_box_reg: 0.001 | loss_mask: 0.055 | loss_objectness: 0.000 | loss_rpn_box_reg: 0.000
  Batch 400: Total=0.0521 | loss_classifier: 0.001 | loss_box_reg: 0.001 | loss_mask: 0.050 | loss_objectness: 0.000 | loss_rpn_box_reg: 0.000
Epoch 94 | Avg Loss: 0.0511 | LR: 0.000001

=== Epoch 95/100 ===
  Batch 20: Total=0.0480 | loss_classifier: 0.001 | loss_box_reg: 0.001 | loss_mask: 0.046 | loss_objectness: 0.000 | loss_rpn_box_reg: 0.000
  Batch 40: Total=0.0586 | loss_classifier: 0.002 | loss_box_reg: 0.001 | loss_mask: 0.055 | loss_objectness: 0.000 | loss_rpn_box_reg: 0.000
  Batch 60: Total=0.0507 | loss_classifier: 0.002 | loss_box_reg: 0.000 | loss_mask: 0.048 | loss_objectness: 0.000 | loss_rpn_box_reg: 0.000
  Batch 80: Total=0.0454 | loss_classifier: 0.000 | loss_box_reg: 0.001 | loss_mask: 0.044 | loss_objectness: 0.000 | loss_rpn_box_reg: 0.000
  Batch 100: Total=0.0370 | loss_classifier: 0.001 | loss_box_reg: 0.001 | loss_mask: 0.035 | loss_objectness: 0.000 | loss_rpn_box_reg: 0.000
  Batch 120: Total=0.0794 | loss_classifier: 0.008 | loss_box_reg: 0.004 | loss_mask: 0.067 | loss_objectness: 0.000 | loss_rpn_box_reg: 0.000
  Batch 140: Total=0.0553 | loss_classifier: 0.000 | loss_box_reg: 0.001 | loss_mask: 0.054 | loss_objectness: 0.000 | loss_rpn_box_reg: 0.000
  Batch 160: Total=0.0560 | loss_classifier: 0.001 | loss_box_reg: 0.001 | loss_mask: 0.054 | loss_objectness: 0.000 | loss_rpn_box_reg: 0.000
  Batch 180: Total=0.0526 | loss_classifier: 0.001 | loss_box_reg: 0.001 | loss_mask: 0.051 | loss_objectness: 0.000 | loss_rpn_box_reg: 0.000
  Batch 200: Total=0.0492 | loss_classifier: 0.001 | loss_box_reg: 0.002 | loss_mask: 0.046 | loss_objectness: 0.000 | loss_rpn_box_reg: 0.000
  Batch 220: Total=0.0463 | loss_classifier: 0.001 | loss_box_reg: 0.000 | loss_mask: 0.045 | loss_objectness: 0.000 | loss_rpn_box_reg: 0.000
  Batch 240: Total=0.0920 | loss_classifier: 0.000 | loss_box_reg: 0.000 | loss_mask: 0.091 | loss_objectness: 0.000 | loss_rpn_box_reg: 0.000
  Batch 260: Total=0.0474 | loss_classifier: 0.002 | loss_box_reg: 0.001 | loss_mask: 0.044 | loss_objectness: 0.000 | loss_rpn_box_reg: 0.000
  Batch 280: Total=0.0489 | loss_classifier: 0.002 | loss_box_reg: 0.001 | loss_mask: 0.047 | loss_objectness: 0.000 | loss_rpn_box_reg: 0.000
  Batch 300: Total=0.0429 | loss_classifier: 0.000 | loss_box_reg: 0.001 | loss_mask: 0.042 | loss_objectness: 0.000 | loss_rpn_box_reg: 0.000
  Batch 320: Total=0.0481 | loss_classifier: 0.000 | loss_box_reg: 0.001 | loss_mask: 0.047 | loss_objectness: 0.000 | loss_rpn_box_reg: 0.000
  Batch 340: Total=0.0702 | loss_classifier: 0.000 | loss_box_reg: 0.001 | loss_mask: 0.069 | loss_objectness: 0.000 | loss_rpn_box_reg: 0.000
  Batch 360: Total=0.0515 | loss_classifier: 0.000 | loss_box_reg: 0.000 | loss_mask: 0.051 | loss_objectness: 0.000 | loss_rpn_box_reg: 0.000
  Batch 380: Total=0.0519 | loss_classifier: 0.002 | loss_box_reg: 0.001 | loss_mask: 0.050 | loss_objectness: 0.000 | loss_rpn_box_reg: 0.000
  Batch 400: Total=0.0532 | loss_classifier: 0.000 | loss_box_reg: 0.000 | loss_mask: 0.053 | loss_objectness: 0.000 | loss_rpn_box_reg: 0.000
Epoch 95 | Avg Loss: 0.0510 | LR: 0.000001

=== Epoch 96/100 ===
  Batch 20: Total=0.0475 | loss_classifier: 0.001 | loss_box_reg: 0.000 | loss_mask: 0.047 | loss_objectness: 0.000 | loss_rpn_box_reg: 0.000
  Batch 40: Total=0.0487 | loss_classifier: 0.001 | loss_box_reg: 0.001 | loss_mask: 0.047 | loss_objectness: 0.000 | loss_rpn_box_reg: 0.000
  Batch 60: Total=0.0465 | loss_classifier: 0.000 | loss_box_reg: 0.000 | loss_mask: 0.046 | loss_objectness: 0.000 | loss_rpn_box_reg: 0.000
  Batch 80: Total=0.0701 | loss_classifier: 0.002 | loss_box_reg: 0.001 | loss_mask: 0.067 | loss_objectness: 0.000 | loss_rpn_box_reg: 0.000
  Batch 100: Total=0.0427 | loss_classifier: 0.000 | loss_box_reg: 0.001 | loss_mask: 0.042 | loss_objectness: 0.000 | loss_rpn_box_reg: 0.000
  Batch 120: Total=0.0528 | loss_classifier: 0.000 | loss_box_reg: 0.000 | loss_mask: 0.052 | loss_objectness: 0.000 | loss_rpn_box_reg: 0.000
  Batch 140: Total=0.0416 | loss_classifier: 0.000 | loss_box_reg: 0.000 | loss_mask: 0.041 | loss_objectness: 0.000 | loss_rpn_box_reg: 0.000
  Batch 160: Total=0.0536 | loss_classifier: 0.011 | loss_box_reg: 0.002 | loss_mask: 0.041 | loss_objectness: 0.000 | loss_rpn_box_reg: 0.000
  Batch 180: Total=0.0347 | loss_classifier: 0.000 | loss_box_reg: 0.000 | loss_mask: 0.034 | loss_objectness: 0.000 | loss_rpn_box_reg: 0.000
  Batch 200: Total=0.0475 | loss_classifier: 0.001 | loss_box_reg: 0.001 | loss_mask: 0.045 | loss_objectness: 0.000 | loss_rpn_box_reg: 0.000
  Batch 220: Total=0.0443 | loss_classifier: 0.002 | loss_box_reg: 0.001 | loss_mask: 0.042 | loss_objectness: 0.000 | loss_rpn_box_reg: 0.000
  Batch 240: Total=0.0543 | loss_classifier: 0.005 | loss_box_reg: 0.001 | loss_mask: 0.049 | loss_objectness: 0.000 | loss_rpn_box_reg: 0.000
  Batch 260: Total=0.0729 | loss_classifier: 0.001 | loss_box_reg: 0.000 | loss_mask: 0.072 | loss_objectness: 0.000 | loss_rpn_box_reg: 0.000
  Batch 280: Total=0.0448 | loss_classifier: 0.001 | loss_box_reg: 0.001 | loss_mask: 0.043 | loss_objectness: 0.000 | loss_rpn_box_reg: 0.000
  Batch 300: Total=0.0451 | loss_classifier: 0.002 | loss_box_reg: 0.001 | loss_mask: 0.042 | loss_objectness: 0.000 | loss_rpn_box_reg: 0.000
  Batch 320: Total=0.0441 | loss_classifier: 0.005 | loss_box_reg: 0.001 | loss_mask: 0.039 | loss_objectness: 0.000 | loss_rpn_box_reg: 0.000
  Batch 340: Total=0.0610 | loss_classifier: 0.004 | loss_box_reg: 0.001 | loss_mask: 0.056 | loss_objectness: 0.000 | loss_rpn_box_reg: 0.000
  Batch 360: Total=0.0568 | loss_classifier: 0.011 | loss_box_reg: 0.001 | loss_mask: 0.045 | loss_objectness: 0.000 | loss_rpn_box_reg: 0.000
  Batch 380: Total=0.0493 | loss_classifier: 0.002 | loss_box_reg: 0.001 | loss_mask: 0.047 | loss_objectness: 0.000 | loss_rpn_box_reg: 0.000
  Batch 400: Total=0.0463 | loss_classifier: 0.001 | loss_box_reg: 0.000 | loss_mask: 0.045 | loss_objectness: 0.000 | loss_rpn_box_reg: 0.000
Epoch 96 | Avg Loss: 0.0510 | LR: 0.000001

=== Epoch 97/100 ===
  Batch 20: Total=0.0462 | loss_classifier: 0.001 | loss_box_reg: 0.001 | loss_mask: 0.045 | loss_objectness: 0.000 | loss_rpn_box_reg: 0.000
  Batch 40: Total=0.0405 | loss_classifier: 0.000 | loss_box_reg: 0.000 | loss_mask: 0.040 | loss_objectness: 0.000 | loss_rpn_box_reg: 0.000
  Batch 60: Total=0.0424 | loss_classifier: 0.000 | loss_box_reg: 0.000 | loss_mask: 0.041 | loss_objectness: 0.000 | loss_rpn_box_reg: 0.000
  Batch 80: Total=0.0551 | loss_classifier: 0.000 | loss_box_reg: 0.000 | loss_mask: 0.055 | loss_objectness: 0.000 | loss_rpn_box_reg: 0.000
  Batch 100: Total=0.0530 | loss_classifier: 0.006 | loss_box_reg: 0.002 | loss_mask: 0.045 | loss_objectness: 0.000 | loss_rpn_box_reg: 0.000
  Batch 120: Total=0.0417 | loss_classifier: 0.002 | loss_box_reg: 0.000 | loss_mask: 0.040 | loss_objectness: 0.000 | loss_rpn_box_reg: 0.000
  Batch 140: Total=0.0404 | loss_classifier: 0.004 | loss_box_reg: 0.000 | loss_mask: 0.036 | loss_objectness: 0.000 | loss_rpn_box_reg: 0.000
  Batch 160: Total=0.0456 | loss_classifier: 0.000 | loss_box_reg: 0.000 | loss_mask: 0.045 | loss_objectness: 0.000 | loss_rpn_box_reg: 0.000
  Batch 180: Total=0.0461 | loss_classifier: 0.001 | loss_box_reg: 0.000 | loss_mask: 0.045 | loss_objectness: 0.000 | loss_rpn_box_reg: 0.000
  Batch 200: Total=0.0545 | loss_classifier: 0.005 | loss_box_reg: 0.001 | loss_mask: 0.049 | loss_objectness: 0.000 | loss_rpn_box_reg: 0.000
  Batch 220: Total=0.0632 | loss_classifier: 0.013 | loss_box_reg: 0.001 | loss_mask: 0.049 | loss_objectness: 0.000 | loss_rpn_box_reg: 0.000
  Batch 240: Total=0.0444 | loss_classifier: 0.000 | loss_box_reg: 0.001 | loss_mask: 0.044 | loss_objectness: 0.000 | loss_rpn_box_reg: 0.000
  Batch 260: Total=0.0429 | loss_classifier: 0.000 | loss_box_reg: 0.001 | loss_mask: 0.042 | loss_objectness: 0.000 | loss_rpn_box_reg: 0.000
  Batch 280: Total=0.0395 | loss_classifier: 0.001 | loss_box_reg: 0.001 | loss_mask: 0.038 | loss_objectness: 0.000 | loss_rpn_box_reg: 0.000
  Batch 300: Total=0.0492 | loss_classifier: 0.000 | loss_box_reg: 0.001 | loss_mask: 0.048 | loss_objectness: 0.000 | loss_rpn_box_reg: 0.000
  Batch 320: Total=0.0466 | loss_classifier: 0.000 | loss_box_reg: 0.000 | loss_mask: 0.046 | loss_objectness: 0.000 | loss_rpn_box_reg: 0.000
  Batch 340: Total=0.0444 | loss_classifier: 0.001 | loss_box_reg: 0.001 | loss_mask: 0.042 | loss_objectness: 0.000 | loss_rpn_box_reg: 0.000
  Batch 360: Total=0.0520 | loss_classifier: 0.002 | loss_box_reg: 0.001 | loss_mask: 0.049 | loss_objectness: 0.000 | loss_rpn_box_reg: 0.000
  Batch 380: Total=0.0531 | loss_classifier: 0.001 | loss_box_reg: 0.000 | loss_mask: 0.051 | loss_objectness: 0.000 | loss_rpn_box_reg: 0.000
  Batch 400: Total=0.0476 | loss_classifier: 0.000 | loss_box_reg: 0.000 | loss_mask: 0.047 | loss_objectness: 0.000 | loss_rpn_box_reg: 0.000
Epoch 97 | Avg Loss: 0.0508 | LR: 0.000001

=== Epoch 98/100 ===
  Batch 20: Total=0.0557 | loss_classifier: 0.000 | loss_box_reg: 0.001 | loss_mask: 0.055 | loss_objectness: 0.000 | loss_rpn_box_reg: 0.000
  Batch 40: Total=0.0473 | loss_classifier: 0.001 | loss_box_reg: 0.000 | loss_mask: 0.046 | loss_objectness: 0.000 | loss_rpn_box_reg: 0.000
  Batch 60: Total=0.0416 | loss_classifier: 0.000 | loss_box_reg: 0.000 | loss_mask: 0.041 | loss_objectness: 0.000 | loss_rpn_box_reg: 0.000
  Batch 80: Total=0.0476 | loss_classifier: 0.001 | loss_box_reg: 0.001 | loss_mask: 0.046 | loss_objectness: 0.000 | loss_rpn_box_reg: 0.000
  Batch 100: Total=0.0436 | loss_classifier: 0.000 | loss_box_reg: 0.001 | loss_mask: 0.043 | loss_objectness: 0.000 | loss_rpn_box_reg: 0.000
  Batch 120: Total=0.0482 | loss_classifier: 0.003 | loss_box_reg: 0.001 | loss_mask: 0.044 | loss_objectness: 0.000 | loss_rpn_box_reg: 0.000
  Batch 140: Total=0.0450 | loss_classifier: 0.001 | loss_box_reg: 0.001 | loss_mask: 0.044 | loss_objectness: 0.000 | loss_rpn_box_reg: 0.000
  Batch 160: Total=0.0491 | loss_classifier: 0.001 | loss_box_reg: 0.001 | loss_mask: 0.047 | loss_objectness: 0.000 | loss_rpn_box_reg: 0.000
  Batch 180: Total=0.0639 | loss_classifier: 0.003 | loss_box_reg: 0.004 | loss_mask: 0.058 | loss_objectness: 0.000 | loss_rpn_box_reg: 0.000
  Batch 200: Total=0.0538 | loss_classifier: 0.005 | loss_box_reg: 0.000 | loss_mask: 0.049 | loss_objectness: 0.000 | loss_rpn_box_reg: 0.000
  Batch 220: Total=0.0382 | loss_classifier: 0.000 | loss_box_reg: 0.001 | loss_mask: 0.037 | loss_objectness: 0.000 | loss_rpn_box_reg: 0.000
  Batch 240: Total=0.0550 | loss_classifier: 0.002 | loss_box_reg: 0.001 | loss_mask: 0.052 | loss_objectness: 0.000 | loss_rpn_box_reg: 0.000
  Batch 260: Total=0.0545 | loss_classifier: 0.002 | loss_box_reg: 0.000 | loss_mask: 0.052 | loss_objectness: 0.000 | loss_rpn_box_reg: 0.000
  Batch 280: Total=0.0531 | loss_classifier: 0.005 | loss_box_reg: 0.000 | loss_mask: 0.047 | loss_objectness: 0.000 | loss_rpn_box_reg: 0.000
  Batch 300: Total=0.0499 | loss_classifier: 0.002 | loss_box_reg: 0.001 | loss_mask: 0.046 | loss_objectness: 0.000 | loss_rpn_box_reg: 0.000
  Batch 320: Total=0.0766 | loss_classifier: 0.005 | loss_box_reg: 0.000 | loss_mask: 0.071 | loss_objectness: 0.000 | loss_rpn_box_reg: 0.000
  Batch 340: Total=0.0485 | loss_classifier: 0.002 | loss_box_reg: 0.000 | loss_mask: 0.046 | loss_objectness: 0.000 | loss_rpn_box_reg: 0.000
  Batch 360: Total=0.0410 | loss_classifier: 0.002 | loss_box_reg: 0.001 | loss_mask: 0.038 | loss_objectness: 0.000 | loss_rpn_box_reg: 0.000
  Batch 380: Total=0.0606 | loss_classifier: 0.003 | loss_box_reg: 0.001 | loss_mask: 0.057 | loss_objectness: 0.000 | loss_rpn_box_reg: 0.000
  Batch 400: Total=0.0550 | loss_classifier: 0.004 | loss_box_reg: 0.001 | loss_mask: 0.051 | loss_objectness: 0.000 | loss_rpn_box_reg: 0.000
Epoch 98 | Avg Loss: 0.0509 | LR: 0.000001

=== Epoch 99/100 ===
  Batch 20: Total=0.0629 | loss_classifier: 0.003 | loss_box_reg: 0.002 | loss_mask: 0.058 | loss_objectness: 0.000 | loss_rpn_box_reg: 0.000
  Batch 40: Total=0.0656 | loss_classifier: 0.001 | loss_box_reg: 0.001 | loss_mask: 0.063 | loss_objectness: 0.000 | loss_rpn_box_reg: 0.000
  Batch 60: Total=0.0467 | loss_classifier: 0.000 | loss_box_reg: 0.000 | loss_mask: 0.046 | loss_objectness: 0.000 | loss_rpn_box_reg: 0.000
  Batch 80: Total=0.0659 | loss_classifier: 0.001 | loss_box_reg: 0.001 | loss_mask: 0.064 | loss_objectness: 0.000 | loss_rpn_box_reg: 0.000
  Batch 100: Total=0.0436 | loss_classifier: 0.000 | loss_box_reg: 0.001 | loss_mask: 0.043 | loss_objectness: 0.000 | loss_rpn_box_reg: 0.000
  Batch 120: Total=0.0520 | loss_classifier: 0.001 | loss_box_reg: 0.000 | loss_mask: 0.051 | loss_objectness: 0.000 | loss_rpn_box_reg: 0.000
  Batch 140: Total=0.0407 | loss_classifier: 0.000 | loss_box_reg: 0.001 | loss_mask: 0.040 | loss_objectness: 0.000 | loss_rpn_box_reg: 0.000
  Batch 160: Total=0.0547 | loss_classifier: 0.001 | loss_box_reg: 0.000 | loss_mask: 0.053 | loss_objectness: 0.000 | loss_rpn_box_reg: 0.000
  Batch 180: Total=0.0457 | loss_classifier: 0.003 | loss_box_reg: 0.001 | loss_mask: 0.042 | loss_objectness: 0.000 | loss_rpn_box_reg: 0.000
  Batch 200: Total=0.0417 | loss_classifier: 0.001 | loss_box_reg: 0.001 | loss_mask: 0.040 | loss_objectness: 0.000 | loss_rpn_box_reg: 0.000
  Batch 220: Total=0.0490 | loss_classifier: 0.001 | loss_box_reg: 0.000 | loss_mask: 0.048 | loss_objectness: 0.000 | loss_rpn_box_reg: 0.000
  Batch 240: Total=0.0439 | loss_classifier: 0.001 | loss_box_reg: 0.000 | loss_mask: 0.042 | loss_objectness: 0.000 | loss_rpn_box_reg: 0.000
  Batch 260: Total=0.0435 | loss_classifier: 0.000 | loss_box_reg: 0.001 | loss_mask: 0.042 | loss_objectness: 0.000 | loss_rpn_box_reg: 0.000
  Batch 280: Total=0.0465 | loss_classifier: 0.002 | loss_box_reg: 0.000 | loss_mask: 0.044 | loss_objectness: 0.000 | loss_rpn_box_reg: 0.000
  Batch 300: Total=0.0544 | loss_classifier: 0.002 | loss_box_reg: 0.001 | loss_mask: 0.052 | loss_objectness: 0.000 | loss_rpn_box_reg: 0.000
  Batch 320: Total=0.0450 | loss_classifier: 0.000 | loss_box_reg: 0.000 | loss_mask: 0.045 | loss_objectness: 0.000 | loss_rpn_box_reg: 0.000
  Batch 340: Total=0.0398 | loss_classifier: 0.000 | loss_box_reg: 0.001 | loss_mask: 0.039 | loss_objectness: 0.000 | loss_rpn_box_reg: 0.000
  Batch 360: Total=0.0409 | loss_classifier: 0.000 | loss_box_reg: 0.001 | loss_mask: 0.040 | loss_objectness: 0.000 | loss_rpn_box_reg: 0.000
  Batch 380: Total=0.0547 | loss_classifier: 0.003 | loss_box_reg: 0.002 | loss_mask: 0.050 | loss_objectness: 0.000 | loss_rpn_box_reg: 0.000
  Batch 400: Total=0.0431 | loss_classifier: 0.001 | loss_box_reg: 0.001 | loss_mask: 0.042 | loss_objectness: 0.000 | loss_rpn_box_reg: 0.000
Epoch 99 | Avg Loss: 0.0508 | LR: 0.000001

=== Epoch 100/100 ===
  Batch 20: Total=0.0465 | loss_classifier: 0.001 | loss_box_reg: 0.001 | loss_mask: 0.045 | loss_objectness: 0.000 | loss_rpn_box_reg: 0.000
  Batch 40: Total=0.0536 | loss_classifier: 0.001 | loss_box_reg: 0.000 | loss_mask: 0.052 | loss_objectness: 0.000 | loss_rpn_box_reg: 0.000
  Batch 60: Total=0.0426 | loss_classifier: 0.000 | loss_box_reg: 0.001 | loss_mask: 0.042 | loss_objectness: 0.000 | loss_rpn_box_reg: 0.000
  Batch 80: Total=0.0455 | loss_classifier: 0.000 | loss_box_reg: 0.001 | loss_mask: 0.044 | loss_objectness: 0.000 | loss_rpn_box_reg: 0.000
  Batch 100: Total=0.0395 | loss_classifier: 0.001 | loss_box_reg: 0.001 | loss_mask: 0.038 | loss_objectness: 0.000 | loss_rpn_box_reg: 0.000
  Batch 120: Total=0.0516 | loss_classifier: 0.002 | loss_box_reg: 0.002 | loss_mask: 0.047 | loss_objectness: 0.000 | loss_rpn_box_reg: 0.000
  Batch 140: Total=0.0543 | loss_classifier: 0.002 | loss_box_reg: 0.001 | loss_mask: 0.051 | loss_objectness: 0.000 | loss_rpn_box_reg: 0.000
  Batch 160: Total=0.0472 | loss_classifier: 0.001 | loss_box_reg: 0.001 | loss_mask: 0.045 | loss_objectness: 0.000 | loss_rpn_box_reg: 0.000
  Batch 180: Total=0.0523 | loss_classifier: 0.000 | loss_box_reg: 0.000 | loss_mask: 0.052 | loss_objectness: 0.000 | loss_rpn_box_reg: 0.000
  Batch 200: Total=0.0526 | loss_classifier: 0.000 | loss_box_reg: 0.000 | loss_mask: 0.052 | loss_objectness: 0.000 | loss_rpn_box_reg: 0.000
  Batch 220: Total=0.0497 | loss_classifier: 0.002 | loss_box_reg: 0.000 | loss_mask: 0.047 | loss_objectness: 0.000 | loss_rpn_box_reg: 0.000
  Batch 240: Total=0.0521 | loss_classifier: 0.001 | loss_box_reg: 0.000 | loss_mask: 0.051 | loss_objectness: 0.000 | loss_rpn_box_reg: 0.000
  Batch 260: Total=0.0598 | loss_classifier: 0.001 | loss_box_reg: 0.001 | loss_mask: 0.058 | loss_objectness: 0.000 | loss_rpn_box_reg: 0.000
  Batch 280: Total=0.0493 | loss_classifier: 0.002 | loss_box_reg: 0.001 | loss_mask: 0.047 | loss_objectness: 0.000 | loss_rpn_box_reg: 0.000
  Batch 300: Total=0.0464 | loss_classifier: 0.001 | loss_box_reg: 0.001 | loss_mask: 0.045 | loss_objectness: 0.000 | loss_rpn_box_reg: 0.000
  Batch 320: Total=0.0472 | loss_classifier: 0.001 | loss_box_reg: 0.001 | loss_mask: 0.045 | loss_objectness: 0.000 | loss_rpn_box_reg: 0.000
  Batch 340: Total=0.0508 | loss_classifier: 0.000 | loss_box_reg: 0.001 | loss_mask: 0.049 | loss_objectness: 0.000 | loss_rpn_box_reg: 0.000
  Batch 360: Total=0.0531 | loss_classifier: 0.002 | loss_box_reg: 0.000 | loss_mask: 0.050 | loss_objectness: 0.000 | loss_rpn_box_reg: 0.000
  Batch 380: Total=0.0460 | loss_classifier: 0.003 | loss_box_reg: 0.001 | loss_mask: 0.043 | loss_objectness: 0.000 | loss_rpn_box_reg: 0.000
  Batch 400: Total=0.0483 | loss_classifier: 0.001 | loss_box_reg: 0.001 | loss_mask: 0.047 | loss_objectness: 0.000 | loss_rpn_box_reg: 0.000
Epoch 100 | Avg Loss: 0.0507 | LR: 0.000001

============================================================
TRAINING SELESAI
============================================================
Best loss: 0.0507
Checkpoint: /home/member2/naufalelkamil/result_maskrcnn/checkpoint/last/last.pt
✓ Model bagus! Siap untuk evaluasi
============================================================
